Workbook

Sheet Snapshot
A2: TIG Weekly Financial Snapshot as of the 4th of August 2025
A4: Description | C4: 45839 | D4: 45870 | E4: 45901 | F4: 45931 | G4: 45962 | H4: 45992 | I4: 46023 | J4: 46054 | K4: 46082 | L4: 46113 | M4: 46143 | N4: 46174 | O4: Total
A5: Monthly Shipped Sales
A6: HQ | C6: 1350599.8 | D6: 27558 | O6: =SUM(C6:N6) -> 1378157.8
C7: =C6/C13 -> 0.79884071 | D7: =D6/#REF! -> #REF! | E7: =E6/#REF! -> #REF! | F7: =F6/#REF! -> #REF! | G7: =G6/#REF! -> #REF! | H7: =H6/#REF! -> #REF! | I7: =I6/#REF! -> #REF! | J7: =J6/#REF! -> #REF! | K7: =K6/#REF! -> #REF! | ... N7: =N6/#REF! -> #REF! | O7: =SUM(C7:N7) -> #REF!
A8: 3PL | C8: 340099.96 | D8: 0 | O8: =SUM(C8:N8) -> 340099.96
C9: =C8/C13 -> 0.20115929 | O9: =SUM(C9:N9) -> 0.20115929
A10: NZ | C10: 0 | O10: =SUM(C10:N10) -> 0
C11: =C10/C12 -> #VALUE! | D11: =#REF!/D10 -> #REF! | E11: =#REF!/E10 -> #REF! | F11: =#REF!/F10 -> #REF! | G11: =#REF!/G10 -> #REF! | H11: =#REF!/H10 -> #REF! | I11: =#REF!/I10 -> #REF! | J11: =#REF!/J10 -> #REF! | K11: =#REF!/K10 -> #REF! | ... O11: =#REF!/O10 -> #REF!
A12: Shipped Sales Total | C12: Shipped | D12: =SUM(D6+D8+D10) -> 27558 | O12: =SUM(C12:N12) -> 27558
A13: Invoiced Sales Total | C13: 1690699.7 | D13: ='25-26 Budget-Actual Invoiced'!F318 -> 0 | E13: ='25-26 Budget-Actual Invoiced'!G318 -> 0 | F13: ='25-26 Budget-Actual Invoiced'!H318 -> 0 | G13: ='25-26 Budget-Actual Invoiced'!I318 -> 0 | H13: ='25-26 Budget-Actual Invoiced'!J318 -> 0 | I13: ='25-26 Budget-Actual Invoiced'!K318 -> 0 | J13: ='25-26 Budget-Actual Invoiced'!L318 -> 0 | K13: ='25-26 Budget-Actual Invoiced'!M318 -> 0 | ... N13: ='25-26 Budget-Actual Invoiced'!P318 -> 0 | O13: =SUM(C13:N13) -> 1690699.7
A14: Budget | C14: 1435665 | D14: 1507367 | E14: 1732767 | F14: 1157167 | G14: 1168617 | H14: 1082167 | I14: 1077167 | J14: 1196667 | K14: 1630917 | L14: 1429367 | M14: 1255817 | N14: 1327815 | O14: =SUM(C14:N14) -> 16001500
A15: % of Budget | C15: =C13/C14 -> 1.1776422 | D15: =D12/D14 -> 0.01828221 | E15: =E12/E14 -> 0 | F15: =F12/F14 -> 0 | G15: =G12/G14 -> 0 | H15: =H12/H14 -> 0 | I15: =I12/I14 -> 0 | J15: =J12/J14 -> 0 | K15: =K12/K14 -> 0 | ... O15: =O12/O14 -> 0.0017222135
A16: $ Variance | C16: =C13-C14 -> 255034.71 | D16: =D12-D14 -> -1479809 | E16: =E12-E14 -> -1732767 | F16: =F12-F14 -> -1157167 | G16: =G12-G14 -> -1168617 | H16: =H12-H14 -> -1082167 | I16: =I12-I14 -> -1077167 | J16: =J12-J14 -> -1196667 | K16: =K12-K14 -> -1630917 | ... N16: =N12-N14 -> -1327815 | O16: =SUM(C16:N16) -> -14283242
A17: % Variance | C17: =C16/C14 -> 0.17764221 | D17: =D16/D14 -> -0.98171779 | E17: =E16/E14 -> -1 | F17: =F16/F14 -> -1 | G17: =G16/G14 -> -1 | H17: =H16/H14 -> -1 | I17: =I16/I14 -> -1 | J17: =J16/J14 -> -1 | ... O17: =O16/O14 -> -0.89261896
A19: HQ WIP | B19: Order $ | C19: 0 | D19: 491671 | E19: 165000 | F19: 0 | G19: 0 | H19: 0 | I19: 0 | J19: 0 | K19: 0 | L19: 0 | M19: 0 | N19: 0 | O19: =SUM(C19:N19) -> 656671
B20: Order QTY | C20: 0 | D20: 859 | E20: 1 | F20: 0 | G20: 0 | H20: 0 | I20: 0 | J20: 0 | K20: 0 | L20: 0 | M20: 0 | N20: 0 | O20: =SUM(C20:N20) -> 860
B21: B/O $ | C21: 0 | D21: 51863 | E21: 0 | F21: 0 | G21: 0 | H21: 0 | I21: 0 | J21: 0 | K21: 0 | L21: 0 | M21: 0 | N21: 0 | O21: =SUM(C21:N21) -> 51863
B22: B/O QTY | C22: 0 | D22: 208 | E22: 0 | F22: 0 | G22: 0 | H22: 0 | I22: 0 | J22: 0 | K22: 0 | L22: 0 | M22: 0 | N22: 0 | O22: =SUM(C22:N22) -> 208
B23: BOOKED $ | C23: 0 | D23: 285754 | E23: 0 | F23: 0 | G23: 0 | H23: 0 | I23: 0 | J23: 0 | K23: 0 | L23: 0 | M23: 0 | N23: 0 | O23: =SUM(C23:N23) -> 285754
B24: BOOKED QTY | C24: 0 | D24: 315 | E24: 0 | F24: 0 | G24: 0 | H24: 0 | I24: 0 | J24: 0 | K24: 0 | L24: 0 | M24: 0 | N24: 0 | O24: =SUM(C24:N24) -> 315
A25: 3PL WIP | B25: Order $ | C25: 0 | D25: 114235 | E25: 0 | F25: 0 | G25: 0 | H25: 0 | I25: 0 | J25: 0 | K25: 0 | L25: 0 | M25: 0 | N25: 0 | O25: =SUM(C25:N25) -> 114235
B26: Order QTY | C26: 0 | D26: 598 | E26: 0 | F26: 0 | G26: 0 | H26: 0 | I26: 0 | J26: 0 | K26: 0 | L26: 0 | M26: 0 | N26: 0 | O26: =SUM(C26:N26) -> 598
B27: B/O $ | C27: 0 | D27: 67986 | E27: 0 | F27: 0 | G27: 0 | H27: 0 | J27: 0 | K27: 0 | L27: 0 | M27: 0 | N27: 0 | O27: =SUM(C27:N27) -> 67986
B28: B/O QTY | C28: 0 | D28: 332 | E28: 0 | F28: 0 | G28: 0 | H28: 0 | J28: 0 | K28: 0 | L28: 0 | M28: 0 | N28: 0 | O28: =SUM(C28:N28) -> 332
A29: NZ WIP | B29: Order $ | C29: 0 | D29: 0 | E29: 169052 | F29: 0 | G29: 0 | H29: 0 | I29: 0 | J29: 0 | K29: 0 | L29: 0 | M29: 0 | N29: 0 | O29: =SUM(C29:N29) -> 169052
B30: Order QTY | C30: 0 | D30: 0 | E30: 143 | F30: 0 | G30: 0 | H30: 0 | I30: 0 | J30: 0 | K30: 0 | L30: 0 | M30: 0 | N30: 0 | O30: =SUM(C30:N30) -> 143
B31: B/O $ | C31: 0 | D31: 0 | E31: 0 | F31: 0 | G31: 0 | H31: 0 | J31: 0 | K31: 0 | L31: 0 | M31: 0 | N31: 0 | O31: =SUM(C31:N31) -> 0
B32: B/O QTY | C32: 0 | D32: 0 | E32: 0 | F32: 0 | G32: 0 | H32: 0 | J32: 0 | K32: 0 | L32: 0 | M32: 0 | N32: 0 | O32: =SUM(C32:N32) -> 0
A33: Total WIP | B33: Value | C33: =SUM(C27,C25,C23,C21,C19,C29,C31) -> 0 | D33: =SUM(D27,D25,D23,D21,D19,D29,D31) -> 1011509 | E33: =SUM(E27,E25,E23,E21,E19,E29,E31) -> 334052 | F33: =SUM(F27,F25,F23,F21,F19,F29,F31) -> 0 | G33: =SUM(G27,G25,G23,G21,G19,G29,G31) -> 0 | H33: =SUM(H27,H25,H23,H21,H19,H29,H31) -> 0 | I33: =SUM(I27,I25,I23,I21,I19,I29,I31) -> 0 | J33: =SUM(J27,J25,J23,J21,J19,J29,J31) -> 0 | ... N33: =SUM(N27,N25,N23,N21,N19,N29,N31) -> 0 | O33: =SUM(C33:N33) -> 1345561
B34: Orders | C34: =SUM(C28,C26,C24,C22,C20,C30,C32) -> 0 | D34: =SUM(D28,D26,D24,D22,D20,D30,D32) -> 2312 | E34: =SUM(E28,E26,E24,E22,E20,E30,E32) -> 144 | F34: =SUM(F28,F26,F24,F22,F20,F30,F32) -> 0 | G34: =SUM(G28,G26,G24,G22,G20,G30,G32) -> 0 | H34: =SUM(H28,H26,H24,H22,H20,H30,H32) -> 0 | I34: =SUM(I28,I26,I24,I22,I20,I30,I32) -> 0 | J34: =SUM(J28,J26,J24,J22,J20,J30,J32) -> 0 | ... N34: =SUM(N28,N26,N24,N22,N20,N30,N32) -> 0 | O34: =SUM(C34:N34) -> 2456

Sheet 25-26 Budget-Actual Invoiced
A1: Sales Budget Vs Actual Invoiced- 1st July 2025 to 30 June 2026 | Q1: Annual | S1: % Of Sales
A2: Account Manager | B2: Non-Report | C2: Customer Name | E2: 45839 | F2: 45870 | G2: 45901 | H2: 45931 | I2: 45962 | J2: 45992 | K2: 46023 | L2: 46054 | M2: 46082 | N2: 46113 | O2: 46143 | P2: 46174 | Q2: Total | R2: % to Budget
A3: Ann | B3: C-Anchored | C3: WINNING APPLIANCES | D3: Actual | E3: 770 | Q3: =+SUM(E3:P3) -> 770 | R3: =Q3/Q4 -> 0.014 | S3: 0
D4: Budget | E4: 3000 | F4: 4200 | G4: 1600 | H4: 7500 | I4: 5450 | J4: 1500 | K4: 4000 | L4: 4000 | M4: 7750 | N4: 6700 | O4: 4650 | P4: 4650 | Q4: =SUM(E4:P4) -> 55000 | S4: =Q4/$Q$319 -> 0.0034371778
D5: GPM%
A6: Ann | B6: C-Anchored | C6: HARVEY NORMAN | D6: Actual | E6: 179440.36 | Q6: =+SUM(E6:P6) -> 179440.36 | R6: =Q6/Q7 -> 0.16238947 | S6: 0
D7: Budget | E7: 105000 | F7: 100000 | G7: 75000 | H7: 75000 | I7: 100000 | J7: 100000 | K7: 80000 | L7: 80000 | M7: 95000 | N7: 95000 | O7: 100000 | P7: 100000 | Q7: =SUM(E7:P7) -> 1105000 | S7: =Q7/$Q$319 -> 0.069056026
D8: GPM%
A9: Ann | B9: C-Anchored | C9: HARVEY NORMAN NZ | D9: Actual | Q9: =+SUM(E9:P9) -> 0 | R9: =Q9/Q10 -> 0 | S9: 0
D10: Budget | G10: 220000 | H10: 20000 | I10: 20000 | J10: 15000 | K10: 15000 | L10: 15000 | M10: 15000 | N10: 15000 | O10: 15000 | P10: 15000 | Q10: =SUM(E10:P10) -> 365000 | S10: =Q10/$Q$319 -> 0.022810362
D11: GPM%
A12: Ann | B12: C-Anchored | C12: Aus Nursing Home (NHF) | D12: Actual | E12: 2856 | Q12: =+SUM(E12:P12) -> 2856 | R12: =Q12/Q13 -> 0.0476 | S12: 0
D13: Budget | E13: 4000 | F13: 5000 | G13: 5000 | H13: 5500 | I13: 5500 | J13: 4500 | K13: 4500 | L13: 5500 | M13: 5500 | N13: 4500 | O13: 5000 | P13: 5500 | Q13: =SUM(E13:P13) -> 60000 | S13: =Q13/$Q$319 -> 0.0037496485
D14: GPM%
A15: Ann | B15: C-Anchored | C15: AUSTRALIAN MILITARY BANK | D15: Actual | E15: 2144 | Q15: =+SUM(E15:P15) -> 2144 | R15: =Q15/Q16 -> 0.1072 | S15: 0
D16: Budget | E16: 4000 | F16: 4000 | G16: 1500 | H16: 1500 | I16: 1500 | K16: 2000 | L16: 2000 | M16: 2000 | P16: 1500 | Q16: =SUM(E16:P16) -> 20000 | S16: =Q16/$Q$319 -> 0.0012498828
D17: GPM%
A18: Ann | B18: C-Anchored | C18: CORNERSTONE HEALTH | D18: Actual | E18: 5435.32 | Q18: =+SUM(E18:P18) -> 5435.32 | R18: =Q18/Q19 -> 0.090588667 | S18: 0
D19: Budget | E19: 6000 | F19: 6000 | G19: 6500 | H19: 4000 | I19: 4000 | J19: 3000 | K19: 4000 | L19: 3000 | M19: 6000 | N19: 6000 | O19: 5500 | P19: 6000 | Q19: =SUM(E19:P19) -> 60000 | S19: =Q19/$Q$319 -> 0.0037496485
D20: GPM%
A21: Ann | B21: C-Anchored | C21: DOOLEYS LIDCOMBE CATHOLIC CLUB | D21: Actual | E21: 1304.78 | Q21: =+SUM(E21:P21) -> 1304.78 | R21: =Q21/Q22 -> 0.018639714 | S21: 0
D22: Budget | E22: 2500 | F22: 8000 | G22: 8000 | H22: 5000 | I22: 8000 | J22: 2000 | K22: 2000 | L22: 7000 | M22: 8000 | N22: 5000 | O22: 8000 | P22: 6500 | Q22: =SUM(E22:P22) -> 70000 | S22: =Q22/$Q$319 -> 0.0043745899
D23: GPM%
A24: Ann | B24: C-Anchored | C24: Edge Early Learning | D24: Actual | E24: 10031.03 | Q24: =+SUM(E24:P24) -> 10031.03 | R24: =Q24/Q25 -> 0.16718383 | S24: 0
D25: Budget | E25: 20000 | F25: 20000 | G25: 20000 | Q25: =SUM(E25:P25) -> 60000 | S25: =Q25/$Q$319 -> 0.0037496485
D26: GPM%
A27: Ann | B27: C-Anchored | C27: EG Group | D27: Actual | E27: 7328.96 | Q27: =+SUM(E27:P27) -> 7328.96 | R27: =Q27/Q28 -> 0.061074667 | S27: 0
D28: Budget | E28: 10000 | F28: 10000 | G28: 10000 | H28: 10000 | I28: 10000 | J28: 10000 | K28: 10000 | L28: 10000 | M28: 10000 | N28: 10000 | O28: 10000 | P28: 10000 | Q28: =SUM(E28:P28) -> 120000 | S28: =Q28/$Q$319 -> 0.0074992969
D29: GPM%
A30: Ann | B30: C-Anchored | C30: Hall & Prior | D30: Actual | E30: 12661.63 | Q30: =+SUM(E30:P30) -> 12661.63 | R30: =Q30/Q31 -> 0.21102717 | S30: 0
D31: Budget | E31: 5000 | F31: 5500 | G31: 5000 | H31: 3500 | I31: 4000 | J31: 3500 | K31: 5500 | L31: 4000 | M31: 7500 | N31: 5500 | O31: 5500 | P31: 5500 | Q31: =SUM(E31:P31) -> 60000 | S31: =Q31/$Q$319 -> 0.0037496485
D32: GPM%
A33: Ann | B33: C-Anchored | C33: HARDI AGED CARE (HAC) | D33: Actual | E33: 7674.8 | Q33: =+SUM(E33:P33) -> 7674.8 | R33: =Q33/Q34 -> 0.12791333 | S33: 0
D34: Budget | E34: 5500 | F34: 5500 | G34: 4500 | H34: 5500 | I34: 5500 | J34: 3000 | K34: 3500 | L34: 5500 | M34: 5500 | N34: 5500 | O34: 5000 | P34: 5500 | Q34: =SUM(E34:P34) -> 60000 | S34: =Q34/$Q$319 -> 0.0037496485
D35: GPM%
A36: Ann | B36: C-Anchored | C36: RSL LIFECARE | D36: Actual | E36: 314 | Q36: =+SUM(E36:P36) -> 314 | R36: =Q36/Q37 -> 0.00628 | S36: 0
D37: Budget | E37: 6000 | F37: 6000 | G37: 6000 | H37: 3000 | I37: 3000 | J37: 3000 | K37: 4000 | L37: 3000 | M37: 3000 | N37: 3000 | O37: 5000 | P37: 5000 | Q37: =SUM(E37:P37) -> 50000 | S37: =Q37/$Q$319 -> 0.0031247071
D38: GPM%
A39: Ann | B39: C-Anchored | C39: MYCAR | D39: Actual | E39: 6185.5 | Q39: =+SUM(E39:P39) -> 6185.5 | R39: =Q39/Q40 -> 0.088364286 | S39: 0
D40: Budget | E40: 4000 | F40: 4000 | G40: 4500 | H40: 5500 | I40: 15000 | J40: 4500 | K40: 2500 | L40: 4000 | M40: 15000 | N40: 5500 | O40: 2500 | P40: 3000 | Q40: =SUM(E40:P40) -> 70000 | S40: =Q40/$Q$319 -> 0.0043745899
D41: GPM%
A42: Ann | B42: C-Anchored | C42: MYCAR - ALSCO | D42: Actual | Q42: =+SUM(E42:P42) -> 0 | R42: =Q42/Q43 -> 0 | S42: 0
D43: Budget | M43: 300000 | Q43: =SUM(E43:P43) -> 300000 | S43: =Q43/$Q$319 -> 0.018748242
D44: GPM%
A45: Ann | B45: C-Anchored | C45: SYDNEY CRICKET & SPORTS GRD TR | D45: Actual | E45: 6727 | Q45: =+SUM(E45:P45) -> 6727 | R45: =Q45/Q46 -> 0.061154545 | S45: 0
D46: Budget | E46: 25000 | F46: 25000 | G46: 20000 | H46: 10000 | K46: 20000 | P46: 10000 | Q46: =SUM(E46:P46) -> 110000 | S46: =Q46/$Q$319 -> 0.0068743555
D47: GPM%
A48: Ann | B48: C-Anchored | C48: The Whiddon Group | D48: Actual | E48: 13608 | Q48: =+SUM(E48:P48) -> 13608 | R48: =Q48/Q49 -> 0.04536 | S48: 0
D49: Budget | E49: 17000 | F49: 17000 | G49: 113000 | H49: 17000 | I49: 17000 | J49: 17000 | K49: 17000 | L49: 17000 | M49: 17000 | N49: 17000 | O49: 17000 | P49: 17000 | Q49: =SUM(E49:P49) -> 300000 | S49: =Q49/$Q$319 -> 0.018748242
D50: GPM%
A51: Ann | B51: C-Anchored | C51: WOOLWORTHS - METRO | D51: Actual | E51: 8256.54 | Q51: =+SUM(E51:P51) -> 8256.54 | R51: =Q51/Q52 -> 0.0825654 | S51: 0
D52: Budget | E52: 8500 | F52: 8500 | G52: 8500 | H52: 8500 | I52: 8500 | J52: 8500 | K52: 8000 | L52: 8000 | M52: 8500 | N52: 8500 | O52: 8000 | P52: 8000 | Q52: =SUM(E52:P52) -> 100000 | S52: =Q52/$Q$319 -> 0.0062494141
D53: GPM%
A54: Ann | B54: C-Anchored | C54: WOOLWORTHS - ALSCO | D54: Actual | E54: 206250 | Q54: =+SUM(E54:P54) -> 206250 | R54: =Q54/Q55 -> 0.44836957 | S54: 0
D55: Budget | E55: 210000 | G55: 165000 | N55: 85000 | Q55: =SUM(E55:P55) -> 460000 | S55: =Q55/$Q$319 -> 0.028747305
D56: GPM%
A57: Ann | B57: C-Anchored | C57: Fantastic Furniture | D57: Actual | E57: 5868 | Q57: =+SUM(E57:P57) -> 5868 | R57: =Q57/Q58 -> 0.041914286 | S57: 0
D58: Budget | E58: 10000 | F58: 10000 | G58: 6000 | H58: 10000 | I58: 20000 | J58: 40000 | K58: 5000 | L58: 6000 | M58: 8000 | N58: 8000 | O58: 7000 | P58: 10000 | Q58: =SUM(E58:P58) -> 140000 | S58: =Q58/$Q$319 -> 0.0087491798
D59: GPM%
A60: Ann | B60: C-Anchored | C60: Canterbury Leagues | D60: Actual | E60: 3345 | Q60: =+SUM(E60:P60) -> 3345 | R60: =Q60/Q61 -> 0.095571429 | S60: 0
D61: Budget | E61: 3000 | G61: 10000 | H61: 3000 | I61: 5500 | L61: 5500 | M61: 3000 | O61: 2500 | P61: 2500 | Q61: =SUM(E61:P61) -> 35000 | S61: =Q61/$Q$319 -> 0.0021872949
D62: GPM%
A63: Ann | B63: C-General | C63: General-Ann | D63: Actual | E63: 55460.25 | Q63: =+SUM(E63:P63) -> 55460.25 | R63: =Q63/Q65 -> 0.06094533 | S63: 0
D64: New | Q64: =SUM(E64:P64) -> 0 | S64: 0
D65: Budget | E65: 85000 | F65: 60000 | G65: 80000 | H65: 90000 | I65: 100000 | J65: 60000 | K65: 60000 | L65: 60000 | M65: 60000 | N65: 85000 | O65: 85000 | P65: 85000 | Q65: =SUM(E65:P65) -> 910000 | S65: =Q65/$Q$319 -> 0.056869668
D66: GPM%
A67: Ann | B67: Total | C67: Total | D67: Actual | E67: =SUM(E63,E60,E57,E54,E51,E48,E45,E42,E39,E36,E33,E30,E27,E24,E21,E18,E15,E12,E9,E6,E3,E64) -> 535661.17 | F67: =SUM(F63,F60,F57,F54,F51,F48,F45,F42,F39,F36,F33,F30,F27,F24,F21,F18,F15,F12,F9,F6,F3,F64) -> 0 | G67: =SUM(G63,G60,G57,G54,G51,G48,G45,G42,G39,G36,G33,G30,G27,G24,G21,G18,G15,G12,G9,G6,G3,G64) -> 0 | H67: =SUM(H63,H60,H57,H54,H51,H48,H45,H42,H39,H36,H33,H30,H27,H24,H21,H18,H15,H12,H9,H6,H3,H64) -> 0 | I67: =SUM(I63,I60,I57,I54,I51,I48,I45,I42,I39,I36,I33,I30,I27,I24,I21,I18,I15,I12,I9,I6,I3,I64) -> 0 | J67: =SUM(J63,J60,J57,J54,J51,J48,J45,J42,J39,J36,J33,J30,J27,J24,J21,J18,J15,J12,J9,J6,J3,J64) -> 0 | K67: =SUM(K63,K60,K57,K54,K51,K48,K45,K42,K39,K36,K33,K30,K27,K24,K21,K18,K15,K12,K9,K6,K3,K64) -> 0 | L67: =SUM(L63,L60,L57,L54,L51,L48,L45,L42,L39,L36,L33,L30,L27,L24,L21,L18,L15,L12,L9,L6,L3,L64) -> 0 | ... Q67: =SUM(Q63,Q60,Q57,Q54,Q51,Q48,Q45,Q42,Q39,Q36,Q33,Q30,Q27,Q24,Q21,Q18,Q15,Q12,Q9,Q6,Q3,Q64) -> 535661.17 | R67: =Q67/Q68 -> 0.11877188 | S67: 0
D68: Budget | E68: =SUM(E65,E61,E58,E55,E52,E49,E46,E43,E40,E37,E34,E31,E28,E25,E22,E19,E16,E13,E10,E7,E4) -> 533500 | F68: =SUM(F65,F61,F58,F55,F52,F49,F46,F43,F40,F37,F34,F31,F28,F25,F22,F19,F16,F13,F10,F7,F4) -> 298700 | G68: =SUM(G65,G61,G58,G55,G52,G49,G46,G43,G40,G37,G34,G31,G28,G25,G22,G19,G16,G13,G10,G7,G4) -> 770100 | H68: =SUM(H65,H61,H58,H55,H52,H49,H46,H43,H40,H37,H34,H31,H28,H25,H22,H19,H16,H13,H10,H7,H4) -> 284500 | I68: =SUM(I65,I61,I58,I55,I52,I49,I46,I43,I40,I37,I34,I31,I28,I25,I22,I19,I16,I13,I10,I7,I4) -> 332950 | J68: =SUM(J65,J61,J58,J55,J52,J49,J46,J43,J40,J37,J34,J31,J28,J25,J22,J19,J16,J13,J10,J7,J4) -> 275500 | K68: =SUM(K65,K61,K58,K55,K52,K49,K46,K43,K40,K37,K34,K31,K28,K25,K22,K19,K16,K13,K10,K7,K4) -> 247000 | L68: =SUM(L65,L61,L58,L55,L52,L49,L46,L43,L40,L37,L34,L31,L28,L25,L22,L19,L16,L13,L10,L7,L4) -> 239500 | ... Q68: =SUM(Q65,Q61,Q58,Q55,Q52,Q49,Q46,Q43,Q40,Q37,Q34,Q31,Q28,Q25,Q22,Q19,Q16,Q13,Q10,Q7,Q4) -> 4510000 | S68: =Q68/$Q$319 -> 0.28184858
D69: % of Budget | E69: =E67/E68 -> 1.0040509 | F69: =F67/F68 -> 0 | G69: =G67/G68 -> 0 | H69: =H67/H68 -> 0 | I69: =I67/I68 -> 0 | J69: =J67/J68 -> 0 | K69: =K67/K68 -> 0 | L69: 0 | M69: 0 | N69: 0 | O69: 0 | P69: 0 | Q69: =Q67/Q68 -> 0.11877188
D70: $ Variance | E70: =E67-E68 -> 2161.17 | F70: =F67-F68 -> -298700 | G70: =G67-G68 -> -770100 | H70: =H67-H68 -> -284500 | I70: =I67-I68 -> -332950 | J70: =J67-J68 -> -275500 | K70: =K67-K68 -> -247000 | L70: =L67-L68 -> -239500 | ... Q70: =Q67-Q68 -> -3974338.8
D71: % Variance | E71: =E70/E67 -> 0.004034584 | F71: =F70/F67 -> #DIV/0! | G71: =G70/G67 -> #DIV/0! | H71: =H70/H67 -> #DIV/0! | I71: =I70/I67 -> #DIV/0! | J71: =J70/J67 -> #DIV/0! | K71: =K70/K67 -> #DIV/0! | L71: #DIV/0! | M71: #DIV/0! | N71: #DIV/0! | O71: #DIV/0! | P71: #DIV/0! | Q71: =Q70/Q67 -> -7.4195015
D72: .
A73: Adrian | B73: C-Anchored | C73: Toyota Dealerships | D73: Actual | E73: 5898.4 | Q73: =+SUM(E73:P73) -> 5898.4 | R73: =Q73/Q74 -> 0.07373 | S73: 0
D74: Budget | E74: 6500 | F74: 6500 | G74: 6500 | H74: 6500 | I74: 7500 | J74: 6500 | K74: 5500 | L74: 5500 | M74: 7000 | N74: 7000 | O74: 7500 | P74: 7500 | Q74: =SUM(E74:P74) -> 80000 | S74: =Q74/$Q$319 -> 0.0049995313
D75: GPM%
A76: Adrian | C76: Ford | D76: Actual | E76: 10317 | Q76: =+SUM(E76:P76) -> 10317 | R76: =Q76/Q77 -> 0.06878 | S76: 0
D77: Budget | E77: 12000 | F77: 12000 | G77: 12000 | H77: 12000 | I77: 12000 | J77: 12000 | K77: 12000 | L77: 12000 | M77: 15000 | N77: 12000 | O77: 12000 | P77: 15000 | Q77: =SUM(E77:P77) -> 150000 | S77: =Q77/$Q$319 -> 0.0093741212
D78: GPM%
A79: Adrian | C79: Redland | D79: Actual | Q79: =+SUM(E79:P79) -> 0 | R79: =Q79/Q80 -> 0 | S79: 0
D80: Budget | E80: 10000 | F80: 10000 | G80: 10000 | H80: 10000 | I80: 10000 | J80: 8000 | L80: 8000 | M80: 10000 | N80: 10000 | O80: 10000 | P80: 10000 | Q80: =SUM(E80:P80) -> 106000 | S80: =Q80/$Q$319 -> 0.006624379
D81: GPM%
A82: Adrian | B82: C-Anchored | C82: Bag Trans | D82: Actual | E82: 904 | Q82: =+SUM(E82:P82) -> 904 | R82: =Q82/Q83 -> 0.030133333 | S82: 0
D83: Budget | E83: 2500 | F83: 2500 | G83: 2500 | H83: 2500 | I83: 2500 | J83: 2500 | K83: 2500 | L83: 2500 | M83: 2500 | N83: 2500 | O83: 2500 | P83: 2500 | Q83: =SUM(E83:P83) -> 30000 | S83: =Q83/$Q$319 -> 0.0018748242
D84: GPM%
A85: Adrian | B85: C-Anchored | C85: KIP | D85: Actual | E85: 2522 | Q85: =+SUM(E85:P85) -> 2522 | R85: =Q85/Q86 -> 0.06305 | S85: 0
D86: Budget | E86: 3500 | F86: 3500 | G86: 3500 | H86: 3500 | I86: 3500 | J86: 3500 | K86: 3500 | L86: 3500 | M86: 3000 | N86: 3000 | O86: 3000 | P86: 3000 | Q86: =SUM(E86:P86) -> 40000 | S86: =Q86/$Q$319 -> 0.0024997656
D87: GPM%
A88: Adrian | B88: C-Anchored | C88: LUXOL | D88: Actual | E88: 530 | Q88: =+SUM(E88:P88) -> 530 | R88: =Q88/Q89 -> 0.0265 | S88: 0
D89: Budget | E89: 1500 | F89: 1500 | G89: 1500 | H89: 2000 | I89: 1500 | J89: 1500 | K89: 1500 | L89: 1500 | M89: 2000 | N89: 1500 | O89: 2000 | P89: 2000 | Q89: =SUM(E89:P89) -> 20000 | S89: =Q89/$Q$319 -> 0.0012498828
D90: GPM%
A91: Adrian | B91: C-Anchored | C91: HONDA AUSTRALIA | D91: Actual | E91: 295.5 | Q91: =+SUM(E91:P91) -> 295.5 | R91: =Q91/Q92 -> 0.0073875 | S91: 0
D92: Budget | E92: 3500 | F92: 3500 | G92: 3500 | H92: 3500 | I92: 3500 | J92: 3500 | K92: 3500 | L92: 3500 | M92: 3000 | N92: 3000 | O92: 3000 | P92: 3000 | Q92: =SUM(E92:P92) -> 40000 | S92: =Q92/$Q$319 -> 0.0024997656
D93: GPM%
A94: Adrian | B94: C-Anchored | C94: Tasman Logistics | D94: Actual | E94: 3703.5 | Q94: =+SUM(E94:P94) -> 3703.5 | R94: =Q94/Q95 -> 0.07407 | S94: 0
D95: Budget | E95: 4500 | F95: 4500 | G95: 5500 | H95: 5500 | I95: 2500 | J95: 2500 | K95: 2500 | L95: 5500 | M95: 2500 | N95: 3500 | O95: 5500 | P95: 5500 | Q95: =SUM(E95:P95) -> 50000 | S95: =Q95/$Q$319 -> 0.0031247071
D96: GPM%
A97: Adrian | B97: C-Anchored | C97: TEEG | D97: Actual | E97: 24388.35 | Q97: =+SUM(E97:P97) -> 24388.35 | R97: =Q97/Q98 -> 0.064179868 | S97: 0
D98: Budget | E98: 30000 | F98: 30000 | G98: 30000 | H98: 45000 | I98: 30000 | J98: 30000 | K98: 25000 | L98: 40000 | M98: 30000 | N98: 30000 | O98: 30000 | P98: 30000 | Q98: =SUM(E98:P98) -> 380000 | S98: =Q98/$Q$319 -> 0.023747774
D99: GPM%
A100: Adrian | B100: C-Anchored | C100: Anytime Fitness | D100: Actual | E100: 21379.41 | Q100: =+SUM(E100:P100) -> 21379.41 | R100: =Q100/Q101 -> 0.0712647 | S100: 0
...
