Workbook

Sheet Snapshot
A2: TIG Weekly Financial Snapshot as of the 2nd of October 2025
A4: Description | C4: 45839 | D4: 45870 | E4: 45901 | F4: 45931 | G4: 45962 | H4: 45992 | I4: 46023 | J4: 46054 | K4: 46082 | L4: 46113 | M4: 46143 | N4: 46174 | O4: Total
A5: Monthly Shipped Sales
A6: HQ | C6: 1350599.8 | D6: 1039303.9 | E6: 1184140.2 | F6: 69196 | O6: =SUM(C6:N6) -> 3643239.9
C7: =C6/C13 -> 0.79884071 | D7: 0.833985 | E7: 0.83818736 | F7: =F6/F12 -> 0.84004273 | G7: =G6/#REF! -> #REF! | H7: =H6/#REF! -> #REF! | I7: =I6/#REF! -> #REF! | J7: =J6/#REF! -> #REF! | K7: =K6/#REF! -> #REF! | L7: =L6/#REF! -> #REF! | M7: =M6/#REF! -> #REF! | N7: =N6/#REF! -> #REF! | O7: =SUM(C7:N7) -> #REF!
A8: 3PL | C8: 340099.96 | D8: 198913.26 | E8: 76883 | F8: 12047 | O8: =SUM(C8:N8) -> 627943.22
C9: =C8/C13 -> 0.20115929 | D9: 0.1596171 | E9: 0.053744379 | F9: =F8/F12 -> 0.14625115
A10: NZ | C10: 0 | D10: 7973 | E10: 154595 | F10: 1129 | O10: =SUM(C10:N10) -> 163697
C11: =C10/C14 -> 0 | D11: 0.0052893555 | E11: 0.10806826 | F11: =F10/F12 -> 0.013706114 | G11: =#REF!/G10 -> #REF! | H11: =#REF!/H10 -> #REF! | I11: =#REF!/I10 -> #REF! | J11: =#REF!/J10 -> #REF! | K11: =#REF!/K10 -> #REF! | L11: =#REF!/L10 -> #REF! | M11: =#REF!/M10 -> #REF! | N11: =#REF!/N10 -> #REF! | O11: =#REF!/O10 -> #REF!
A12: Shipped Sales Total | C12: Shipped | D12: Shipped | E12: Shipped | F12: =SUM(F10+F8+F6) -> 82372
A13: Invoiced Sales Total | C13: 1690699.7 | D13: 1246190.1 | E13: 1415618.2 | F13: 4553 | G13: ='25-26 Budget-Actual Invoiced'!I229 -> 0 | H13: ='25-26 Budget-Actual Invoiced'!J229 -> 0 | I13: ='25-26 Budget-Actual Invoiced'!K229 -> 0 | J13: ='25-26 Budget-Actual Invoiced'!L229 -> 0 | K13: ='25-26 Budget-Actual Invoiced'!M229 -> 0 | L13: ='25-26 Budget-Actual Invoiced'!N229 -> 0 | M13: ='25-26 Budget-Actual Invoiced'!O229 -> 0 | N13: ='25-26 Budget-Actual Invoiced'!P229 -> 0 | O13: =SUM(C13:N13) -> 4357061.1
A14: Budget | C14: 1435665 | D14: 1507367 | E14: 1732767 | F14: 1157167 | G14: 1168617 | H14: 1082167 | I14: 1077167 | J14: 1196667 | K14: 1630917 | L14: 1429367 | M14: 1255817 | N14: 1327815 | O14: =SUM(C14:N14) -> 16001500
A15: % of Budget | C15: =C13/C14 -> 1.1776422 | D15: =D13/D14 -> 0.82673306 | E15: =E13/E14 -> 0.81696976 | F15: =F12/F14 -> 0.071184194 | G15: =G12/G14 -> 0 | H15: =H12/H14 -> 0 | I15: =I12/I14 -> 0 | J15: =J12/J14 -> 0 | K15: =K12/K14 -> 0 | L15: =L12/L14 -> 0 | M15: =M12/M14 -> 0 | ... O15: =O12/O14 -> 0
A16: $ Variance | C16: =C13-C14 -> 255034.71 | D16: =D13-D14 -> -261176.87 | E16: =E13-E14 -> -317148.76 | F16: =F12-F14 -> -1074795 | G16: =G12-G14 -> -1168617 | H16: =H12-H14 -> -1082167 | I16: =I12-I14 -> -1077167 | J16: =J12-J14 -> -1196667 | K16: =K12-K14 -> -1630917 | L16: =L12-L14 -> -1429367 | M16: =M12-M14 -> -1255817 | N16: =N12-N14 -> -1327815 | O16: =SUM(C16:N16) -> -11566620
A17: % Variance | C17: =C16/C14 -> 0.17764221 | D17: =D16/D14 -> -0.17326694 | E17: =E16/E14 -> -0.18303024 | F17: =F16/F14 -> -0.92881581 | G17: =G16/G14 -> -1 | H17: =H16/H14 -> -1 | I17: =I16/I14 -> -1 | J17: =J16/J14 -> -1 | ... O17: =O16/O14 -> -0.72284598
A19: HQ WIP | B19: Order $ | C19: 0 | D19: 0 | E19: 0 | F19: 472033 | G19: 0 | H19: 0 | I19: 0 | J19: 0 | K19: 0 | L19: 0 | M19: 0 | N19: 0 | O19: =SUM(C19:N19) -> 472033
B20: Order QTY | C20: 0 | D20: 0 | E20: 0 | F20: 1444 | G20: 0 | H20: 0 | I20: 0 | J20: 0 | K20: 0 | L20: 0 | M20: 0 | N20: 0 | O20: =SUM(C20:N20) -> 1444
B21: B/O $ | C21: 0 | D21: 0 | E21: 0 | F21: 62795 | G21: 0 | H21: 0 | I21: 0 | J21: 0 | K21: 0 | L21: 0 | M21: 0 | N21: 0 | O21: =SUM(C21:N21) -> 62795
B22: B/O QTY | C22: 0 | D22: 0 | E22: 0 | F22: 352 | G22: 0 | H22: 0 | I22: 0 | J22: 0 | K22: 0 | L22: 0 | M22: 0 | N22: 0 | O22: =SUM(C22:N22) -> 352
B23: BOOKED $ | C23: 0 | D23: 0 | E23: 0 | F23: 104591 | G23: 0 | H23: 0 | I23: 0 | J23: 0 | K23: 0 | L23: 0 | M23: 0 | N23: 0 | O23: =SUM(C23:N23) -> 104591
B24: BOOKED QTY | C24: 0 | D24: 0 | E24: 0 | F24: 78 | G24: 0 | H24: 0 | I24: 0 | J24: 0 | K24: 0 | L24: 0 | M24: 0 | N24: 0 | O24: =SUM(C24:N24) -> 78
A25: 3PL WIP | B25: Order $ | C25: 0 | D25: 0 | E25: 0 | F25: 133492 | G25: 0 | H25: 0 | I25: 0 | J25: 0 | K25: 0 | L25: 0 | M25: 0 | N25: 0 | O25: =SUM(C25:N25) -> 133492
B26: Order QTY | C26: 0 | D26: 0 | E26: 0 | F26: 759 | G26: 0 | H26: 0 | I26: 0 | J26: 0 | K26: 0 | L26: 0 | M26: 0 | N26: 0 | O26: =SUM(C26:N26) -> 759
B27: B/O $ | C27: 0 | D27: 0 | E27: 0 | F27: 29677 | G27: 0 | H27: 0 | J27: 0 | K27: 0 | L27: 0 | M27: 0 | N27: 0 | O27: =SUM(C27:N27) -> 29677
B28: B/O QTY | C28: 0 | D28: 0 | E28: 0 | F28: 187 | G28: 0 | H28: 0 | J28: 0 | K28: 0 | L28: 0 | M28: 0 | N28: 0 | O28: =SUM(C28:N28) -> 187
A29: NZ WIP | B29: Order $ | C29: 0 | D29: 0 | E29: 0 | F29: 11473 | G29: 0 | H29: 0 | I29: 0 | J29: 0 | K29: 0 | L29: 0 | M29: 0 | N29: 0 | O29: =SUM(C29:N29) -> 11473
B30: Order QTY | C30: 0 | D30: 0 | E30: 0 | F30: 46 | G30: 0 | H30: 0 | I30: 0 | J30: 0 | K30: 0 | L30: 0 | M30: 0 | N30: 0 | O30: =SUM(C30:N30) -> 46
B31: B/O $ | C31: 0 | D31: 0 | E31: 0 | F31: 10827 | G31: 0 | H31: 0 | J31: 0 | K31: 0 | L31: 0 | M31: 0 | N31: 0 | O31: =SUM(C31:N31) -> 10827
B32: B/O QTY | C32: 0 | D32: 0 | E32: 0 | F32: 43 | G32: 0 | H32: 0 | J32: 0 | K32: 0 | L32: 0 | M32: 0 | N32: 0 | O32: =SUM(C32:N32) -> 43
A33: Total WIP | B33: Value | C33: =SUM(C27,C25,C23,C21,C19,C29,C31) -> 0 | D33: =SUM(D27,D25,D23,D21,D19,D29,D31) -> 0 | E33: =SUM(E27,E25,E23,E21,E19,E29,E31) -> 0 | F33: =SUM(F27,F25,F23,F21,F19,F29,F31) -> 824888 | G33: =SUM(G27,G25,G23,G21,G19,G29,G31) -> 0 | H33: =SUM(H27,H25,H23,H21,H19,H29,H31) -> 0 | I33: =SUM(I27,I25,I23,I21,I19,I29,I31) -> 0 | J33: =SUM(J27,J25,J23,J21,J19,J29,J31) -> 0 | ... N33: =SUM(N27,N25,N23,N21,N19,N29,N31) -> 0 | O33: =SUM(C33:N33) -> 824888
B34: Orders | C34: =SUM(C28,C26,C24,C22,C20,C30,C32) -> 0 | D34: =SUM(D28,D26,D24,D22,D20,D30,D32) -> 0 | E34: =SUM(E28,E26,E24,E22,E20,E30,E32) -> 0 | F34: =SUM(F28,F26,F24,F22,F20,F30,F32) -> 2909 | G34: =SUM(G28,G26,G24,G22,G20,G30,G32) -> 0 | H34: =SUM(H28,H26,H24,H22,H20,H30,H32) -> 0 | I34: =SUM(I28,I26,I24,I22,I20,I30,I32) -> 0 | J34: =SUM(J28,J26,J24,J22,J20,J30,J32) -> 0 | ... N34: =SUM(N28,N26,N24,N22,N20,N30,N32) -> 0 | O34: =SUM(C34:N34) -> 2909

Sheet 25-26 Budget-Actual Invoiced
A1: Sales Budget Vs Actual Invoiced- 1st July 2025 to 30 June 2026 | Q1: Annual | S1: % Of Sales
A2: Account Manager | B2: Non-Report | C2: Customer Name | E2: 45839 | F2: 45870 | G2: 45901 | H2: 45931 | I2: 45962 | J2: 45992 | K2: 46023 | L2: 46054 | M2: 46082 | N2: 46113 | O2: 46143 | P2: 46174 | Q2: Total | R2: % to Budget
A3: Ann | B3: C-Anchored | C3: WINNING APPLIANCES | D3: Actual | E3: 770 | F3: 7770.75 | G3: 5529.97 | Q3: =+SUM(E3:P3) -> 14070.72 | R3: =Q3/Q4 -> 0.25583127 | S3: 0
D4: Budget | E4: 3000 | F4: 4200 | G4: 1600 | H4: 7500 | I4: 5450 | J4: 1500 | K4: 4000 | L4: 4000 | M4: 7750 | N4: 6700 | O4: 4650 | P4: 4650 | Q4: =SUM(E4:P4) -> 55000 | S4: =Q4/$Q$230 -> 0.0034371778
A5: Ann | B5: C-Anchored | C5: HARVEY NORMAN | D5: Actual | E5: 179440.36 | F5: 138218.8 | G5: 37125.06 | Q5: =+SUM(E5:P5) -> 354784.22 | R5: =Q5/Q6 -> 0.32107169 | S5: 0
D6: Budget | E6: 105000 | F6: 100000 | G6: 75000 | H6: 75000 | I6: 100000 | J6: 100000 | K6: 80000 | L6: 80000 | M6: 95000 | N6: 95000 | O6: 100000 | P6: 100000 | Q6: =SUM(E6:P6) -> 1105000 | S6: =Q6/$Q$230 -> 0.069056026
A7: Ann | B7: C-Anchored | C7: HARVEY NORMAN NZ | D7: Actual | F7: 7973.4671 | G7: 154525.83 | Q7: =+SUM(E7:P7) -> 162499.29 | R7: =Q7/Q8 -> 0.44520354 | S7: 0
D8: Budget | G8: 220000 | H8: 20000 | I8: 20000 | J8: 15000 | K8: 15000 | L8: 15000 | M8: 15000 | N8: 15000 | O8: 15000 | P8: 15000 | Q8: =SUM(E8:P8) -> 365000 | S8: =Q8/$Q$230 -> 0.022810362
A9: Ann | B9: C-Anchored | C9: Aus Nursing Home (NHF) | D9: Actual | E9: 2856 | F9: 3702 | G9: 9691 | Q9: =+SUM(E9:P9) -> 16249 | R9: =Q9/Q10 -> 0.27081667 | S9: 0
D10: Budget | E10: 4000 | F10: 5000 | G10: 5000 | H10: 5500 | I10: 5500 | J10: 4500 | K10: 4500 | L10: 5500 | M10: 5500 | N10: 4500 | O10: 5000 | P10: 5500 | Q10: =SUM(E10:P10) -> 60000 | S10: =Q10/$Q$230 -> 0.0037496485
A11: Ann | B11: C-Anchored | C11: AUSTRALIAN MILITARY BANK | D11: Actual | E11: 2144 | F11: 8159.5 | G11: 4008 | Q11: =+SUM(E11:P11) -> 14311.5 | R11: =Q11/Q12 -> 0.715575 | S11: 0
D12: Budget | E12: 4000 | F12: 4000 | G12: 1500 | H12: 1500 | I12: 1500 | K12: 2000 | L12: 2000 | M12: 2000 | P12: 1500 | Q12: =SUM(E12:P12) -> 20000 | S12: =Q12/$Q$230 -> 0.0012498828
A13: Ann | B13: C-Anchored | C13: CORNERSTONE HEALTH | D13: Actual | E13: 5435.32 | F13: 7118.27 | G13: 10258.05 | Q13: =+SUM(E13:P13) -> 22811.64 | R13: =Q13/Q14 -> 0.380194 | S13: 0
D14: Budget | E14: 6000 | F14: 6000 | G14: 6500 | H14: 4000 | I14: 4000 | J14: 3000 | K14: 4000 | L14: 3000 | M14: 6000 | N14: 6000 | O14: 5500 | P14: 6000 | Q14: =SUM(E14:P14) -> 60000 | S14: =Q14/$Q$230 -> 0.0037496485
A15: Ann | B15: C-Anchored | C15: Dooleys | D15: Actual | E15: 1304.78 | G15: 44262 | Q15: =+SUM(E15:P15) -> 45566.78 | R15: =Q15/Q16 -> 0.650954 | S15: 0
D16: Budget | E16: 2500 | F16: 8000 | G16: 8000 | H16: 5000 | I16: 8000 | J16: 2000 | K16: 2000 | L16: 7000 | M16: 8000 | N16: 5000 | O16: 8000 | P16: 6500 | Q16: =SUM(E16:P16) -> 70000 | S16: =Q16/$Q$230 -> 0.0043745899
A17: Ann | B17: C-Anchored | C17: Edge Early Learning | D17: Actual | E17: 10031.03 | F17: 55953.408 | Q17: =+SUM(E17:P17) -> 65984.438 | R17: =Q17/Q18 -> 1.0997406 | S17: 0
D18: Budget | E18: 20000 | F18: 20000 | G18: 20000 | Q18: =SUM(E18:P18) -> 60000 | S18: =Q18/$Q$230 -> 0.0037496485
A19: Ann | B19: C-Anchored | C19: EG Australia | D19: Actual | E19: 7328.96 | F19: 3975.5527 | G19: 1436.6626 | Q19: =+SUM(E19:P19) -> 12741.175 | R19: =Q19/Q20 -> 0.10617646 | S19: 0
D20: Budget | E20: 10000 | F20: 10000 | G20: 10000 | H20: 10000 | I20: 10000 | J20: 10000 | K20: 10000 | L20: 10000 | M20: 10000 | N20: 10000 | O20: 10000 | P20: 10000 | Q20: =SUM(E20:P20) -> 120000 | S20: =Q20/$Q$230 -> 0.0074992969
A21: Ann | B21: C-Anchored | C21: Hall and Prior | D21: Actual | E21: 12661.63 | F21: 7797.22 | G21: 16019.05 | Q21: =+SUM(E21:P21) -> 36477.9 | R21: =Q21/Q22 -> 0.607965 | S21: 0
D22: Budget | E22: 5000 | F22: 5500 | G22: 5000 | H22: 3500 | I22: 4000 | J22: 3500 | K22: 5500 | L22: 4000 | M22: 7500 | N22: 5500 | O22: 5500 | P22: 5500 | Q22: =SUM(E22:P22) -> 60000 | S22: =Q22/$Q$230 -> 0.0037496485
A23: Ann | B23: C-Anchored | C23: HARDI AGED CARE | D23: Actual | E23: 7674.8 | F23: 10950.26 | G23: 5299.2692 | Q23: =+SUM(E23:P23) -> 23924.329 | R23: =Q23/Q24 -> 0.39873882 | S23: 0
D24: Budget | E24: 5500 | F24: 5500 | G24: 4500 | H24: 5500 | I24: 5500 | J24: 3000 | K24: 3500 | L24: 5500 | M24: 5500 | N24: 5500 | O24: 5000 | P24: 5500 | Q24: =SUM(E24:P24) -> 60000 | S24: =Q24/$Q$230 -> 0.0037496485
A25: Ann | B25: C-Anchored | C25: RSL LIFECARE | D25: Actual | E25: 314 | G25: 330 | Q25: =+SUM(E25:P25) -> 644 | R25: =Q25/Q26 -> 0.01288 | S25: 0
D26: Budget | E26: 6000 | F26: 6000 | G26: 6000 | H26: 3000 | I26: 3000 | J26: 3000 | K26: 4000 | L26: 3000 | M26: 3000 | N26: 3000 | O26: 5000 | P26: 5000 | Q26: =SUM(E26:P26) -> 50000 | S26: =Q26/$Q$230 -> 0.0031247071
A27: Ann | B27: C-Anchored | C27: MYCAR | D27: Actual | E27: 6185.5 | F27: 6568.12 | G27: 1233 | Q27: =+SUM(E27:P27) -> 13986.62 | R27: =Q27/Q28 -> 0.19980886 | S27: 0
D28: Budget | E28: 4000 | F28: 4000 | G28: 4500 | H28: 5500 | I28: 15000 | J28: 4500 | K28: 2500 | L28: 4000 | M28: 15000 | N28: 5500 | O28: 2500 | P28: 3000 | Q28: =SUM(E28:P28) -> 70000 | S28: =Q28/$Q$230 -> 0.0043745899
A29: Ann | B29: C-Anchored | C29: MYCAR - ALSCO | D29: Actual | F29: 242.5 | Q29: =+SUM(E29:P29) -> 242.5 | R29: =Q29/Q30 -> 0.00080833333 | S29: 0
D30: Budget | M30: 300000 | Q30: =SUM(E30:P30) -> 300000 | S30: =Q30/$Q$230 -> 0.018748242
A31: Ann | B31: C-Anchored | C31: SYDNEY CRICKET & SPORTS GRD TR | D31: Actual | E31: 6727 | G31: 1376 | Q31: =+SUM(E31:P31) -> 8103 | R31: =Q31/Q32 -> 0.073663636 | S31: 0
D32: Budget | E32: 25000 | F32: 25000 | G32: 20000 | H32: 10000 | K32: 20000 | P32: 10000 | Q32: =SUM(E32:P32) -> 110000 | S32: =Q32/$Q$230 -> 0.0068743555
A33: Ann | B33: C-Anchored | C33: Whiddon | D33: Actual | E33: 13608 | F33: 8708.08 | G33: 40710.54 | Q33: =+SUM(E33:P33) -> 63026.62 | R33: =Q33/Q34 -> 0.21008873 | S33: 0
D34: Budget | E34: 17000 | F34: 17000 | G34: 113000 | H34: 17000 | I34: 17000 | J34: 17000 | K34: 17000 | L34: 17000 | M34: 17000 | N34: 17000 | O34: 17000 | P34: 17000 | Q34: =SUM(E34:P34) -> 300000 | S34: =Q34/$Q$230 -> 0.018748242
A35: Ann | B35: C-Anchored | C35: WOOLWORTHS - METRO | D35: Actual | E35: 8256.54 | F35: 9453.9 | G35: 7183 | Q35: =+SUM(E35:P35) -> 24893.44 | R35: =Q35/Q36 -> 0.2489344 | S35: 0
D36: Budget | E36: 8500 | F36: 8500 | G36: 8500 | H36: 8500 | I36: 8500 | J36: 8500 | K36: 8000 | L36: 8000 | M36: 8500 | N36: 8500 | O36: 8000 | P36: 8000 | Q36: =SUM(E36:P36) -> 100000 | S36: =Q36/$Q$230 -> 0.0062494141
A37: Ann | B37: C-Anchored | C37: WOOLWORTHS - ALSCO | D37: Actual | E37: 206250 | F37: 165000 | Q37: =+SUM(E37:P37) -> 371250 | R37: =Q37/Q38 -> 0.80706522 | S37: 0
D38: Budget | E38: 210000 | G38: 165000 | N38: 85000 | Q38: =SUM(E38:P38) -> 460000 | S38: =Q38/$Q$230 -> 0.028747305
A39: Ann | B39: C-Anchored | C39: Fantastic Furniture | D39: Actual | E39: 5868 | F39: 26762 | G39: 12594 | Q39: =+SUM(E39:P39) -> 45224 | R39: =Q39/Q40 -> 0.32302857 | S39: 0
D40: Budget | E40: 10000 | F40: 10000 | G40: 6000 | H40: 10000 | I40: 20000 | J40: 40000 | K40: 5000 | L40: 6000 | M40: 8000 | N40: 8000 | O40: 7000 | P40: 10000 | Q40: =SUM(E40:P40) -> 140000 | S40: =Q40/$Q$230 -> 0.0087491798
A41: Ann | B41: C-Anchored | C41: Canterbury League Club | D41: Actual | E41: 3345 | F41: 2248 | G41: 330 | Q41: =+SUM(E41:P41) -> 5923 | R41: =Q41/Q42 -> 0.16922857 | S41: 0
D42: Budget | E42: 3000 | G42: 10000 | H42: 3000 | I42: 5500 | L42: 5500 | M42: 3000 | O42: 2500 | P42: 2500 | Q42: =SUM(E42:P42) -> 35000 | S42: =Q42/$Q$230 -> 0.0021872949
A43: Ann | B43: C-General | C43: General-Ann | D43: Actual | E43: 55460.25 | F43: 53687.9 | G43: 40257.93 | Q43: =+SUM(E43:P43) -> 149406.08 | R43: =Q43/Q45 -> 0.16418251 | S43: 0
D44: New | Q44: =SUM(E44:P44) -> 0 | S44: 0
D45: Budget | E45: 85000 | F45: 60000 | G45: 80000 | H45: 90000 | I45: 100000 | J45: 60000 | K45: 60000 | L45: 60000 | M45: 60000 | N45: 85000 | O45: 85000 | P45: 85000 | Q45: =SUM(E45:P45) -> 910000 | S45: =Q45/$Q$230 -> 0.056869668
A46: Ann | B46: Total | C46: Total | D46: Actual | E46: =SUM(E43,E41,E39,E37,E35,E33,E31,E29,E27,E25,E23,E21,E19,E17,E15,E13,E11,E9,E7,E5,E3,E44) -> 535661.17 | F46: 524289.73 | G46: =SUM(G43,G41,G39,G37,G35,G33,G31,G29,G27,G25,G23,G21,G19,G17,G15,G13,G11,G9,G7,G5,G3,G44) -> 392169.36 | H46: =SUM(H43,H41,H39,H37,H35,H33,H31,H29,H27,H25,H23,H21,H19,H17,H15,H13,H11,H9,H7,H5,H3,H44) -> 0 | I46: =SUM(I43,I41,I39,I37,I35,I33,I31,I29,I27,I25,I23,I21,I19,I17,I15,I13,I11,I9,I7,I5,I3,I44) -> 0 | J46: =SUM(J43,J41,J39,J37,J35,J33,J31,J29,J27,J25,J23,J21,J19,J17,J15,J13,J11,J9,J7,J5,J3,J44) -> 0 | K46: =SUM(K43,K41,K39,K37,K35,K33,K31,K29,K27,K25,K23,K21,K19,K17,K15,K13,K11,K9,K7,K5,K3,K44) -> 0 | L46: =SUM(L43,L41,L39,L37,L35,L33,L31,L29,L27,L25,L23,L21,L19,L17,L15,L13,L11,L9,L7,L5,L3,L44) -> 0 | M46: =SUM(M43,M41,M39,M37,M35,M33,M31,M29,M27,M25,M23,M21,M19,M17,M15,M13,M11,M9,M7,M5,M3,M44) -> 0 | N46: =SUM(N43,N41,N39,N37,N35,N33,N31,N29,N27,N25,N23,N21,N19,N17,N15,N13,N11,N9,N7,N5,N3,N44) -> 0 | ... Q46: =SUM(Q43,Q41,Q39,Q37,Q35,Q33,Q31,Q29,Q27,Q25,Q23,Q21,Q19,Q17,Q15,Q13,Q11,Q9,Q7,Q5,Q3,Q44) -> 1452120.3 | R46: =Q46/Q47 -> 0.32197788 | S46: 0
D47: Budget | E47: =SUM(E45,E42,E40,E38,E36,E34,E32,E30,E28,E26,E24,E22,E20,E18,E16,E14,E12,E10,E8,E6,E4) -> 533500 | F47: 298700 | G47: =SUM(G45,G42,G40,G38,G36,G34,G32,G30,G28,G26,G24,G22,G20,G18,G16,G14,G12,G10,G8,G6,G4) -> 770100 | H47: =SUM(H45,H42,H40,H38,H36,H34,H32,H30,H28,H26,H24,H22,H20,H18,H16,H14,H12,H10,H8,H6,H4) -> 284500 | I47: =SUM(I45,I42,I40,I38,I36,I34,I32,I30,I28,I26,I24,I22,I20,I18,I16,I14,I12,I10,I8,I6,I4) -> 332950 | J47: =SUM(J45,J42,J40,J38,J36,J34,J32,J30,J28,J26,J24,J22,J20,J18,J16,J14,J12,J10,J8,J6,J4) -> 275500 | K47: =SUM(K45,K42,K40,K38,K36,K34,K32,K30,K28,K26,K24,K22,K20,K18,K16,K14,K12,K10,K8,K6,K4) -> 247000 | L47: =SUM(L45,L42,L40,L38,L36,L34,L32,L30,L28,L26,L24,L22,L20,L18,L16,L14,L12,L10,L8,L6,L4) -> 239500 | M47: =SUM(M45,M42,M40,M38,M36,M34,M32,M30,M28,M26,M24,M22,M20,M18,M16,M14,M12,M10,M8,M6,M4) -> 576750 | N47: =SUM(N45,N42,N40,N38,N36,N34,N32,N30,N28,N26,N24,N22,N20,N18,N16,N14,N12,N10,N8,N6,N4) -> 365200 | ... Q47: =SUM(Q45,Q42,Q40,Q38,Q36,Q34,Q32,Q30,Q28,Q26,Q24,Q22,Q20,Q18,Q16,Q14,Q12,Q10,Q8,Q6,Q4) -> 4510000 | S47: =Q47/$Q$230 -> 0.28184858
D48: % of Budget | E48: =E46/E47 -> 1.0040509 | F48: 1.7552385 | G48: =G46/G47 -> 0.50924472 | H48: =H46/H47 -> 0 | I48: =I46/I47 -> 0 | J48: =J46/J47 -> 0 | K48: =K46/K47 -> 0 | L48: 0 | M48: 0 | N48: 0 | O48: 0 | P48: 0 | Q48: =Q46/Q47 -> 0.32197788
D49: $ Variance | E49: =E46-E47 -> 2161.17 | F49: 225589.73 | G49: =G46-G47 -> -377930.64 | H49: =H46-H47 -> -284500 | I49: =I46-I47 -> -332950 | J49: =J46-J47 -> -275500 | K49: =K46-K47 -> -247000 | L49: =L46-L47 -> -239500 | M49: =M46-M47 -> -576750 | N49: =N46-N47 -> -365200 | ... Q49: =Q46-Q47 -> -3057879.7
D50: % Variance | E50: =E49/E46 -> 0.004034584 | F50: 0.43027684 | G50: =G49/G46 -> -0.96369243 | H50: =H49/H46 -> #DIV/0! | I50: =I49/I46 -> #DIV/0! | J50: =J49/J46 -> #DIV/0! | K50: =K49/K46 -> #DIV/0! | L50: #DIV/0! | M50: #DIV/0! | N50: #DIV/0! | O50: #DIV/0! | P50: #DIV/0! | Q50: =Q49/Q46 -> -2.1058034
D51: .
A52: Adrian | B52: C-Anchored | C52: Toyota | D52: Actual | E52: 5898.4 | F52: 9212.91 | G52: 5399.8082 | Q52: =+SUM(E52:P52) -> 20511.118 | R52: =Q52/Q53 -> 0.25638898 | S52: 0
D53: Budget | E53: 6500 | F53: 6500 | G53: 6500 | H53: 6500 | I53: 7500 | J53: 6500 | K53: 5500 | L53: 5500 | M53: 7000 | N53: 7000 | O53: 7500 | P53: 7500 | Q53: =SUM(E53:P53) -> 80000 | S53: =Q53/$Q$230 -> 0.0049995313
A54: Adrian | C54: Ford | D54: Actual | E54: 10317 | F54: 8865 | G54: 3577.045 | Q54: =+SUM(E54:P54) -> 22759.045 | R54: =Q54/Q55 -> 0.15172697 | S54: 0
D55: Budget | E55: 12000 | F55: 12000 | G55: 12000 | H55: 12000 | I55: 12000 | J55: 12000 | K55: 12000 | L55: 12000 | M55: 15000 | N55: 12000 | O55: 12000 | P55: 15000 | Q55: =SUM(E55:P55) -> 150000 | S55: =Q55/$Q$230 -> 0.0093741212
A56: Adrian | C56: Redland | D56: Actual | Q56: =+SUM(E56:P56) -> 0 | R56: =Q56/Q57 -> 0 | S56: 0
D57: Budget | E57: 10000 | F57: 10000 | G57: 10000 | H57: 10000 | I57: 10000 | J57: 8000 | L57: 8000 | M57: 10000 | N57: 10000 | O57: 10000 | P57: 10000 | Q57: =SUM(E57:P57) -> 106000 | S57: =Q57/$Q$230 -> 0.006624379
A58: Adrian | B58: C-Anchored | C58: BagTrans | D58: Actual | E58: 904 | F58: 1172.75 | Q58: =+SUM(E58:P58) -> 2076.75 | R58: =Q58/Q59 -> 0.069225 | S58: 0
D59: Budget | E59: 2500 | F59: 2500 | G59: 2500 | H59: 2500 | I59: 2500 | J59: 2500 | K59: 2500 | L59: 2500 | M59: 2500 | N59: 2500 | O59: 2500 | P59: 2500 | Q59: =SUM(E59:P59) -> 30000 | S59: =Q59/$Q$230 -> 0.0018748242
A60: Adrian | B60: C-Anchored | C60: KIP | D60: Actual | E60: 2522 | F60: 3239.5 | G60: 5167 | Q60: =+SUM(E60:P60) -> 10928.5 | R60: =Q60/Q61 -> 0.2732125 | S60: 0
D61: Budget | E61: 3500 | F61: 3500 | G61: 3500 | H61: 3500 | I61: 3500 | J61: 3500 | K61: 3500 | L61: 3500 | M61: 3000 | N61: 3000 | O61: 3000 | P61: 3000 | Q61: =SUM(E61:P61) -> 40000 | S61: =Q61/$Q$230 -> 0.0024997656
A62: Adrian | B62: C-Anchored | C62: Luxol Childcare Groups | D62: Actual | E62: 530 | F62: 4774.02 | G62: 1482 | Q62: =+SUM(E62:P62) -> 6786.02 | R62: =Q62/Q63 -> 0.339301 | S62: 0
D63: Budget | E63: 1500 | F63: 1500 | G63: 1500 | H63: 2000 | I63: 1500 | J63: 1500 | K63: 1500 | L63: 1500 | M63: 2000 | N63: 1500 | O63: 2000 | P63: 2000 | Q63: =SUM(E63:P63) -> 20000 | S63: =Q63/$Q$230 -> 0.0012498828
A64: Adrian | B64: C-Anchored | C64: HONDA AUSTRALIA | D64: Actual | E64: 295.5 | F64: 4558.46 | G64: 1045.5 | Q64: =+SUM(E64:P64) -> 5899.46 | R64: =Q64/Q65 -> 0.1474865 | S64: 0
D65: Budget | E65: 3500 | F65: 3500 | G65: 3500 | H65: 3500 | I65: 3500 | J65: 3500 | K65: 3500 | L65: 3500 | M65: 3000 | N65: 3000 | O65: 3000 | P65: 3000 | Q65: =SUM(E65:P65) -> 40000 | S65: =Q65/$Q$230 -> 0.0024997656
A66: Adrian | B66: C-Anchored | C66: Tasman Logistics | D66: Actual | E66: 3703.5 | F66: 1075 | G66: 2628.5 | Q66: =+SUM(E66:P66) -> 7407 | R66: =Q66/Q67 -> 0.14814 | S66: 0
D67: Budget | E67: 4500 | F67: 4500 | G67: 5500 | H67: 5500 | I67: 2500 | J67: 2500 | K67: 2500 | L67: 5500 | M67: 2500 | N67: 3500 | O67: 5500 | P67: 5500 | Q67: =SUM(E67:P67) -> 50000 | S67: =Q67/$Q$230 -> 0.0031247071
A68: Adrian | B68: C-Anchored | C68: TEEG | D68: Actual | E68: 24388.35 | F68: 25832.08 | G68: 32879.977 | Q68: =+SUM(E68:P68) -> 83100.407 | R68: =Q68/Q69 -> 0.21868528 | S68: 0
D69: Budget | E69: 30000 | F69: 30000 | G69: 30000 | H69: 45000 | I69: 30000 | J69: 30000 | K69: 25000 | L69: 40000 | M69: 30000 | N69: 30000 | O69: 30000 | P69: 30000 | Q69: =SUM(E69:P69) -> 380000 | S69: =Q69/$Q$230 -> 0.023747774
A70: Adrian | B70: C-Anchored | C70: Anytime Fitness | D70: Actual | E70: 21379.41 | F70: 17045.1 | G70: 15778.285 | Q70: =+SUM(E70:P70) -> 54202.795 | R70: =Q70/Q71 -> 0.18067598 | S70: 0
D71: Budget | E71: 25000 | F71: 25000 | G71: 25000 | H71: 25000 | I71: 25000 | J71: 25000 | K71: 25000 | L71: 25000 | M71: 25000 | N71: 25000 | O71: 25000 | P71: 25000 | Q71: =SUM(E71:P71) -> 300000 | S71: =Q71/$Q$230 -> 0.018748242
A72: Adrian | B72: C-Anchored | C72: SSP AUSTRALIA CATERING | D72: Actual | E72: 8619.5 | F72: 447.3 | G72: 6621.5 | Q72: =+SUM(E72:P72) -> 15688.3 | R72: =Q72/Q73 -> 0.627532 | S72: 0
D73: Budget | E73: 2000 | F73: 2000 | G73: 2000 | H73: 2000 | I73: 2000 | J73: 2000 | K73: 2000 | L73: 2200 | M73: 2200 | N73: 2200 | O73: 2200 | P73: 2200 | Q73: =SUM(E73:P73) -> 25000 | S73: =Q73/$Q$230 -> 0.0015623535
A74: Adrian | B74: C-Anchored | C74: SYC | D74: Actual | E74: 1058 | F74: 270 | G74: 1373 | Q74: =+SUM(E74:P74) -> 2701 | R74: =Q74/Q75 -> 0.036013333 | S74: 0
D75: Budget | E75: 0 | F75: 5000 | G75: 0 | H75: 5000 | I75: 0 | J75: 0 | K75: 0 | L75: 5000 | N75: 30000 | O75: 10000 | P75: 20000 | Q75: =SUM(E75:P75) -> 75000 | S75: =Q75/$Q$230 -> 0.0046870606
A76: Adrian | B76: C-General | C76: General-Adrian | D76: Actual | E76: 23315.01 | F76: 55529.94 | G76: 31151.64 | Q76: =+SUM(E76:P76) -> 109996.59 | R76: =Q76/Q78 -> 0.23157177 | S76: 0
D77: New | Q77: =SUM(E77:P77) -> 0
D78: Budget | E78: 40000 | F78: 40000 | G78: 40000 | H78: 40000 | I78: 40000 | J78: 40000 | K78: 40000 | L78: 39000 | M78: 39000 | N78: 39000 | O78: 39000 | P78: 39000 | Q78: =SUM(E78:P78) -> 475000 | S78: =Q78/$Q$230 -> 0.029684717
A79: Adrian | B79: Total | C79: Total | D79: Actual | E79: =SUM(E52,E54,E58,E60,E62,E64,E66,E68,E70,E74,E76+E77+E56+E72) -> 102930.67 | F79: 132022.06 | G79: =SUM(G52,G54,G58,G60,G62,G64,G66,G68,G70,G74,G76+G77+G56+G72) -> 107104.26 | H79: =SUM(H52,H54,H58,H60,H62,H64,H66,H68,H70,H74,H76+H77+H56+H72) -> 0 | I79: =SUM(I52,I54,I58,I60,I62,I64,I66,I68,I70,I74,I76+I77+I56+I72) -> 0 | J79: =SUM(J52,J54,J58,J60,J62,J64,J66,J68,J70,J74,J76+J77+J56+J72) -> 0 | K79: =SUM(K52,K54,K58,K60,K62,K64,K66,K68,K70,K74,K76+K77+K56+K72) -> 0 | L79: =SUM(L52,L54,L58,L60,L62,L64,L66,L68,L70,L74,L76+L77+L56+L72) -> 0 | M79: =SUM(M52,M54,M58,M60,M62,M64,M66,M68,M70,M74,M76+M77+M56+M72) -> 0 | N79: =SUM(N52,N54,N58,N60,N62,N64,N66,N68,N70,N74,N76+N77+N56+N72) -> 0 | ... Q79: =SUM(Q52,Q54,Q58,Q60,Q62,Q64,Q66,Q68,Q70,Q74,Q76+Q77+Q56+Q72) -> 342056.99 | R79: =Q79/Q80 -> 0.19314341 | S79: 0
D80: Budget | E80: =SUM(E53,E55,E57,E59,E61,E63,E65,E67,E69,E71,E73,E75,E78) -> 141000 | F80: 146000 | G80: =SUM(G53,G55,G57,G59,G61,G63,G65,G67,G69,G71,G73,G75,G78) -> 142000 | H80: =SUM(H53,H55,H57,H59,H61,H63,H65,H67,H69,H71,H73,H75,H78) -> 162500 | I80: =SUM(I53,I55,I57,I59,I61,I63,I65,I67,I69,I71,I73,I75,I78) -> 140000 | J80: =SUM(J53,J55,J57,J59,J61,J63,J65,J67,J69,J71,J73,J75,J78) -> 137000 | K80: =SUM(K53,K55,K57,K59,K61,K63,K65,K67,K69,K71,K73,K75,K78) -> 123000 | L80: =SUM(L53,L55,L57,L59,L61,L63,L65,L67,L69,L71,L73,L75,L78) -> 153200 | M80: =SUM(M53,M55,M57,M59,M61,M63,M65,M67,M69,M71,M73,M75,M78) -> 141200 | N80: =SUM(N53,N55,N57,N59,N61,N63,N65,N67,N69,N71,N73,N75,N78) -> 168700 | ... Q80: =SUM(Q53,Q55,Q57,Q59,Q61,Q63,Q65,Q67,Q69,Q71,Q73,Q75,Q78) -> 1771000 | S80: =Q80/$Q$230 -> 0.11067712
D81: % of Budget | E81: =E79/E80 -> 0.73000475 | F81: 0.90426068 | G81: =G79/G80 -> 0.75425532 | H81: =H79/H80 -> 0 | I81: =I79/I80 -> 0 | J81: =J79/J80 -> 0 | K81: =K79/K80 -> 0 | L81: =L79/L80 -> 0 | M81: =M79/M80 -> 0 | N81: =N79/N80 -> 0 | ... Q81: =Q79/Q80 -> 0.19314341
D82: $ Variance | E82: =E79-E80 -> -38069.33 | F82: -13977.94 | G82: =G79-G80 -> -34895.744 | H82: =H79-H80 -> -162500 | I82: =I79-I80 -> -140000 | J82: =J79-J80 -> -137000 | K82: =K79-K80 -> -123000 | L82: =L79-L80 -> -153200 | M82: =M79-M80 -> -141200 | N82: =N79-N80 -> -168700 | ... Q82: =Q79-Q80 -> -1428943
D83: % Variance | E83: =E82/E79 -> -0.3698541 | F83: -0.10587579 | G83: =G82/G79 -> -0.325811 | H83: =H82/H79 -> #DIV/0! | I83: =I82/I79 -> #DIV/0! | J83: =J82/J79 -> #DIV/0! | K83: =K82/K79 -> #DIV/0! | L83: =L82/L79 -> #DIV/0! | M83: =M82/M79 -> #DIV/0! | N83: =N82/N79 -> #DIV/0! | ... Q83: =Q82/Q79 -> -4.1774999
D84: .
A85: Michele | B85: C-Anchored | C85: ARCARE | D85: Actual | E85: 41692.9 | F85: 29818.24 | G85: 30581 | Q85: =+SUM(E85:P85) -> 102092.14 | R85: =Q85/Q86 -> 0.29169183 | S85: 0
D86: Budget | E86: 30000 | F86: 30000 | G86: 30000 | H86: 30000 | I86: 30000 | J86: 25000 | K86: 25000 | L86: 30000 | M86: 30000 | N86: 30000 | O86: 30000 | P86: 30000 | Q86: =SUM(E86:P86) -> 350000 | S86: =Q86/$Q$230 -> 0.021872949
A87: Michele | B87: C-Anchored | C87: Apiam Animal Health | D87: Actual | E87: 6716.5 | F87: 6746.5 | G87: 11468.5 | Q87: =+SUM(E87:P87) -> 24931.5 | R87: =Q87/Q88 -> 0.18198175 | S87: 0
D88: Budget | E88: 15000 | F88: 18000 | G88: 9500 | H88: 15000 | I88: 15000 | J88: 9500 | K88: 2000 | L88: 10000 | M88: 12000 | N88: 10000 | O88: 11000 | P88: 10000 | Q88: =SUM(E88:P88) -> 137000 | S88: =Q88/$Q$230 -> 0.0085616973
A89: Michele | B89: C-Anchored | C89: BAPCOR | D89: Actual | E89: 3357.5 | F89: 5467.25 | G89: 3234 | Q89: =+SUM(E89:P89) -> 12058.75 | R89: =Q89/Q90 -> 0.092759615 | S89: 0
D90: Budget | E90: 10000 | F90: 15000 | G90: 10000 | H90: 10000 | I90: 15000 | J90: 10000 | K90: 5000 | L90: 10000 | M90: 15000 | N90: 10000 | O90: 10000 | P90: 10000 | Q90: =SUM(E90:P90) -> 130000 | S90: =Q90/$Q$230 -> 0.0081242384
A91: Michele | B91: C-Anchored | C91: RESPECT | D91: Actual | E91: 156981.5 | F91: 52568.5 | G91: 30356 | Q91: =+SUM(E91:P91) -> 239906 | R91: =Q91/Q92 -> 0.43619273 | S91: 0
D92: Budget | E92: 45000 | F92: 50000 | G92: 50000 | H92: 50000 | I92: 45000 | J92: 45000 | K92: 35000 | L92: 35000 | M92: 45000 | N92: 50000 | O92: 50000 | P92: 50000 | Q92: =SUM(E92:P92) -> 550000 | S92: =Q92/$Q$230 -> 0.034371778
A93: Michele | B93: C-Anchored | C93: TLC | D93: Actual | E93: 7076.05 | F93: 10173.3 | G93: 15452.595 | Q93: =+SUM(E93:P93) -> 32701.945 | R93: =Q93/Q94 -> 0.25155343 | S93: 0
D94: Budget | E94: 15000 | F94: 10000 | G94: 15000 | H94: 10000 | I94: 10000 | J94: 10000 | K94: 10000 | L94: 10000 | M94: 10000 | N94: 10000 | O94: 10000 | P94: 10000 | Q94: =SUM(E94:P94) -> 130000 | S94: =Q94/$Q$230 -> 0.0081242384
A95: Michele | B95: C-Anchored | C95: CVGT | D95: Actual | E95: 12043.1 | F95: 5213 | G95: 3717.3 | Q95: =+SUM(E95:P95) -> 20973.4 | R95: =Q95/Q96 -> 0.18397719 | S95: 0
D96: Budget | E96: 15000 | F96: 10000 | G96: 11000 | H96: 13000 | I96: 6000 | J96: 15000 | K96: 7000 | L96: 14000 | M96: 8000 | N96: 5000 | O96: 5000 | P96: 5000 | Q96: =SUM(E96:P96) -> 114000 | S96: =Q96/$Q$230 -> 0.0071243321
A97: Michele | B97: C-Anchored | C97: The Bureau of Meteorology | D97: Actual | E97: 709.2 | F97: 300 | G97: 446.5 | Q97: =+SUM(E97:P97) -> 1455.7 | R97: =Q97/Q98 -> 0.029114 | S97: 0
D98: Budget | E98: 4165 | F98: 4167 | G98: 4167 | H98: 4167 | I98: 4167 | J98: 4167 | K98: 4167 | L98: 4167 | M98: 4167 | N98: 4167 | O98: 4167 | P98: 4165 | Q98: =SUM(E98:P98) -> 50000 | S98: =Q98/$Q$230 -> 0.0031247071
A99: Michele | B99: C-Anchored | C99: Mercy Community | D99: Actual | E99: 3537.95 | F99: 2530.55 | G99: 3229 | Q99: =+SUM(E99:P99) -> 9297.5 | R99: =Q99/Q100 -> 0.2324375 | S99: 0
D100: Budget | E100: 3500 | F100: 3500 | G100: 3500 | H100: 2500 | I100: 3500 | J100: 3500 | K100: 3500 | L100: 3500 | M100: 2500 | N100: 3500 | O100: 3500 | P100: 3500 | Q100: =SUM(E100:P100) -> 40000 | S100: =Q100/$Q$230 -> 0.0024997656
...

Sheet Working
A1: Customer Group | B1: Amount
A2: AFTERCARE/STRIDE | B2: 5011.4492
A3: Anytime Fitness | B3: 15778.285
A4: Apiam Animal Health | B4: 11468.5
A5: ARCARE | B5: 30581
A6: Aus Nursing Home (NHF) | B6: 9691
A7: AUSTRALIAN MILITARY BANK | B7: 4008
A8: Aveo Retirement Villages | B8: 5225.3636
A9: BAPCOR | B9: 3234
A10: BENETAS | B10: 514
A11: BIG RIVER GROUP | B11: 5203.6
A12: Canterbury League Club | B12: 330
A13: Cater Care | B13: 18574
... A86: ZZ-Teamwear & Fitness-OTHER | B86: 1281
