Workbook

Sheet Snapshot
A2: TIG Weekly Financial Snapshot as of the 5th of February 2026
A4: Description | C4: 45839 | D4: 45870 | E4: 45901 | F4: 45931 | G4: 45962 | H4: 45992 | I4: 46023 | J4: 46054 | K4: 46082 | L4: 46113 | M4: 46143 | N4: 46174 | O4: Total
A5: Monthly Shipped Sales
A6: HQ | C6: 1350599.8 | D6: 1039303.9 | E6: 1184140.2 | F6: 948443 | G6: 782541.5 | H6: 485498 | I6: 850395.55 | J6: 60494 | O6: =SUM(C6:N6) -> 6701415.9
C7: =C6/C13 -> 0.79884071 | D7: 0.833985 | E7: 0.83818736 | F7: =F6/F13 -> 0.79780964 | G7: =G6/G13 -> 0.77777171 | H7: =H6/H13 -> 0.41028968 | I7: =I6/I13 -> 0.90881454 | J7: =J6/J12 -> 0.87258932 | K7: =K6/#REF! -> #REF! | L7: =L6/#REF! -> #REF! | M7: =M6/#REF! -> #REF! | N7: =N6/#REF! -> #REF! | O7: =SUM(C7:N7) -> #REF!
A8: 3PL | C8: 340099.96 | D8: 198913.26 | E8: 76883 | F8: 230117.27 | G8: 184951.05 | H8: 685179 | I8: 87155.87 | J8: 8833 | O8: =SUM(C8:N8) -> 1812132.4
C9: =C8/C13 -> 0.20115929 | D9: 0.1596171 | E9: 0.053744379 | F9: =F8/F13 -> 0.19356965 | G9: =G8/G13 -> 0.18382373 | H9: =H8/H13 -> 0.57903817 | I9: =I8/I13 -> 0.093143152 | J9: =J8/J12 -> 0.12741068
A10: NZ | C10: 0 | D10: 7973 | E10: 154595 | F10: 10248 | G10: 38640.41 | H10: 12876 | I10: 8412.83 | J10: 0 | O10: =SUM(C10:N10) -> 232745.24
C11: =C10/C14 -> 0 | D11: 0.0052893555 | E11: 0.10806826 | F11: =F10/F13 -> 0.0086203949 | G11: =G10/G13 -> 0.038404887 | H11: =H10/H13 -> 0.010881384 | I11: =I10/I13 -> 0.0089907599 | J11: =J10/J13 -> 0 | K11: =#REF!/K10 -> #REF! | L11: =#REF!/L10 -> #REF! | M11: =#REF!/M10 -> #REF! | N11: =#REF!/N10 -> #REF! | O11: =#REF!/O10 -> #REF!
A12: Shipped Sales Total | C12: Shipped | D12: Shipped | E12: Shipped | F12: Shipped | G12: Shipped | H12: Shipped | I12: Shipped | J12: =J10+J8+J6 -> 69327
A13: Invoiced Sales Total | C13: 1690699.7 | D13: 1246190.1 | E13: 1415618.2 | F13: 1188808.6 | G13: 1006132.6 | H13: 1183305.4 | I13: 935719.57 | J13: 44504 | K13: ='25-26 Budget-Actual Invoiced'!M272 -> 0 | L13: ='25-26 Budget-Actual Invoiced'!N272 -> 0 | M13: ='25-26 Budget-Actual Invoiced'!O272 -> 0 | N13: ='25-26 Budget-Actual Invoiced'!P272 -> 0 | O13: =SUM(C13:N13) -> 8710978.3
A14: Budget | C14: ='25-26 Budget-Actual Invoiced'!E273 -> 1367915 | D14: ='25-26 Budget-Actual Invoiced'!F273 -> 1447617 | E14: ='25-26 Budget-Actual Invoiced'!G273 -> 1634117 | F14: ='25-26 Budget-Actual Invoiced'!H273 -> 1176017 | G14: ='25-26 Budget-Actual Invoiced'!I273 -> 1174967 | H14: ='25-26 Budget-Actual Invoiced'!J273 -> 1061017 | I14: ='25-26 Budget-Actual Invoiced'!K273 -> 1088017 | J14: ='25-26 Budget-Actual Invoiced'!L273 -> 1260017 | ... N14: ='25-26 Budget-Actual Invoiced'!P273 -> 1358665 | O14: =SUM(C14:N14) -> 16001500
A15: % of Budget | C15: =C13/C14 -> 1.2359684 | D15: =D13/D14 -> 0.86085624 | E15: =E13/E14 -> 0.8662894 | F15: =F13/F14 -> 1.0108771 | G15: =G13/G14 -> 0.85630714 | H15: =H13/H14 -> 1.1152558 | I15: =I13/I14 -> 0.86002293 | J15: =J12/J14 -> 0.055020686 | K15: =K12/K14 -> 0 | L15: =L12/L14 -> 0 | M15: =M12/M14 -> 0 | N15: =N12/N14 -> 0 | O15: =O12/O14 -> 0
A16: $ Variance | C16: =C13-C14 -> 322784.71 | D16: =D13-D14 -> -201426.87 | E16: =E13-E14 -> -218498.76 | F16: =F13-F14 -> 12791.643 | G16: =G13-G14 -> -168834.37 | H16: =H13-H14 -> 122288.41 | I16: =I13-I14 -> -152297.43 | J16: =J12-J14 -> -1190690 | K16: =K12-K14 -> -1386767 | L16: =L12-L14 -> -1446717 | M16: =M12-M14 -> -1599667 | N16: =N12-N14 -> -1358665 | O16: =SUM(C16:N16) -> -7265698.7
A17: % Variance | C17: =C16/C14 -> 0.2359684 | D17: =D16/D14 -> -0.13914376 | E17: =E16/E14 -> -0.1337106 | F17: =F16/F14 -> 0.01087709 | G17: =G16/G14 -> -0.14369286 | H17: =H16/H14 -> 0.11525584 | I17: =I16/I14 -> -0.13997707 | J17: =J16/J14 -> -0.94497931 | ... O17: =O16/O14 -> -0.4540636
A19: HQ WIP | B19: Order $ | C19: 0 | D19: 0 | E19: 0 | F19: 0 | G19: 0 | H19: 0 | I19: 0 | J19: 425355 | K19: 86437 | L19: 331995 | M19: 0 | N19: 0 | O19: =SUM(C19:N19) -> 843787
B20: Order QTY | C20: 0 | D20: 0 | E20: 0 | F20: 0 | G20: 0 | H20: 0 | I20: 0 | J20: 809 | K20: 2 | L20: 1 | M20: 0 | N20: 0 | O20: =SUM(C20:N20) -> 812
B21: B/O $ | C21: 0 | D21: 0 | E21: 0 | F21: 0 | G21: 0 | H21: 0 | I21: 0 | J21: 10480 | K21: 80 | L21: 0 | M21: 0 | N21: 0 | O21: =SUM(C21:N21) -> 10560
B22: B/O QTY | C22: 0 | D22: 0 | E22: 0 | F22: 0 | G22: 0 | H22: 0 | I22: 0 | J22: 104 | K22: 1 | L22: 0 | M22: 0 | N22: 0 | O22: =SUM(C22:N22) -> 105
B23: BOOKED $ | C23: 0 | D23: 0 | E23: 0 | F23: 0 | G23: 0 | H23: 0 | I23: 0 | J23: 144427 | K23: 0 | L23: 0 | M23: 0 | N23: 0 | O23: =SUM(C23:N23) -> 144427
B24: BOOKED QTY | C24: 0 | D24: 0 | E24: 0 | F24: 0 | G24: 0 | H24: 0 | I24: 0 | J24: 69 | K24: 0 | L24: 0 | M24: 0 | N24: 0 | O24: =SUM(C24:N24) -> 69
A25: 3PL WIP | B25: Order $ | C25: 0 | D25: 0 | E25: 0 | F25: 0 | G25: 0 | H25: 0 | I25: 0 | J25: 20795 | K25: 0 | L25: 0 | M25: 0 | N25: 0 | O25: =SUM(C25:N25) -> 20795
B26: Order QTY | C26: 0 | D26: 0 | E26: 0 | F26: 0 | G26: 0 | H26: 0 | I26: 0 | J26: 235 | K26: 0 | L26: 0 | M26: 0 | N26: 0 | O26: =SUM(C26:N26) -> 235
B27: B/O $ | C27: 0 | D27: 0 | E27: 0 | F27: 0 | G27: 0 | H27: 0 | I27: 0 | J27: 0 | K27: 0 | L27: 0 | M27: 0 | N27: 0 | O27: =SUM(C27:N27) -> 0
B28: B/O QTY | C28: 0 | D28: 0 | E28: 0 | F28: 0 | G28: 0 | H28: 0 | I28: 0 | J28: 0 | K28: 0 | L28: 0 | M28: 0 | N28: 0 | O28: =SUM(C28:N28) -> 0
A29: NZ WIP | B29: Order $ | C29: 0 | D29: 0 | E29: 0 | F29: 0 | G29: 0 | H29: 0 | I29: 0 | J29: 8125 | K29: 0 | L29: 0 | M29: 0 | N29: 0 | O29: =SUM(C29:N29) -> 8125
B30: Order QTY | C30: 0 | D30: 0 | E30: 0 | F30: 0 | G30: 0 | H30: 0 | I30: 0 | J30: 22 | K30: 0 | L30: 0 | M30: 0 | N30: 0 | O30: =SUM(C30:N30) -> 22
B31: B/O $ | C31: 0 | D31: 0 | E31: 0 | F31: 0 | G31: 0 | H31: 0 | I31: 0 | J31: 0 | K31: 0 | L31: 0 | M31: 0 | N31: 0 | O31: =SUM(C31:N31) -> 0
B32: B/O QTY | C32: 0 | D32: 0 | E32: 0 | F32: 0 | G32: 0 | H32: 0 | I32: 0 | J32: 0 | K32: 0 | L32: 0 | M32: 0 | N32: 0 | O32: =SUM(C32:N32) -> 0
A33: Total WIP | B33: Value | C33: =SUM(C27,C25,C23,C21,C19,C29,C31) -> 0 | D33: =SUM(D27,D25,D23,D21,D19,D29,D31) -> 0 | E33: =SUM(E27,E25,E23,E21,E19,E29,E31) -> 0 | F33: =SUM(F27,F25,F23,F21,F19,F29,F31) -> 0 | G33: =SUM(G27,G25,G23,G21,G19,G29,G31) -> 0 | H33: =SUM(H27,H25,H23,H21,H19,H29,H31) -> 0 | I33: =SUM(I27,I25,I23,I21,I19,I29,I31) -> 0 | J33: =SUM(J27,J25,J23,J21,J19,J29,J31) -> 609182 | ... N33: =SUM(N27,N25,N23,N21,N19,N29,N31) -> 0 | O33: =SUM(C33:N33) -> 1027694
B34: Orders | C34: =SUM(C28,C26,C24,C22,C20,C30,C32) -> 0 | D34: =SUM(D28,D26,D24,D22,D20,D30,D32) -> 0 | E34: =SUM(E28,E26,E24,E22,E20,E30,E32) -> 0 | F34: =SUM(F28,F26,F24,F22,F20,F30,F32) -> 0 | G34: =SUM(G28,G26,G24,G22,G20,G30,G32) -> 0 | H34: =SUM(H28,H26,H24,H22,H20,H30,H32) -> 0 | I34: =SUM(I28,I26,I24,I22,I20,I30,I32) -> 0 | J34: =SUM(J28,J26,J24,J22,J20,J30,J32) -> 1239 | ... N34: =SUM(N28,N26,N24,N22,N20,N30,N32) -> 0 | O34: =SUM(C34:N34) -> 1243

Sheet 25-26 Budget-Actual Invoiced
A1: Sales Budget Vs Actual Invoiced- 1st July 2025 to 30 June 2026 | Q1: Annual | S1: % Of Sales
A2: Account Manager | B2: Non-Report | C2: Customer Name | E2: 45839 | F2: 45870 | G2: 45901 | H2: 45931 | I2: 45962 | J2: 45992 | K2: 46023 | L2: 46054 | M2: 46082 | N2: 46113 | O2: 46143 | P2: 46174 | Q2: Total | R2: % to Budget
A3: Ann | B3: C-Anchored | C3: HARVEY NORMAN | D3: Actual | E3: 179440.36 | F3: 138218.8 | G3: 37125.06 | H3: 166752.29 | I3: 93818.64 | J3: 61451.38 | K3: 71695.5 | Q3: =+SUM(E3:P3) -> 748502.03 | R3: =Q3/Q4 -> 0.6773774 | S3: 0
D4: Budget | E4: 105000 | F4: 100000 | G4: 75000 | H4: 75000 | I4: 100000 | J4: 100000 | K4: 80000 | L4: 80000 | M4: 95000 | N4: 95000 | O4: 100000 | P4: 100000 | Q4: =SUM(E4:P4) -> 1105000 | S4: =Q4/$Q$273 -> 0.069056026
A5: Ann | B5: C-Anchored | C5: HARVEY NORMAN NZ | D5: Actual | F5: 7973.4671 | G5: 154525.83 | H5: 10166.72 | I5: 35685.83 | J5: 12876.71 | K5: 6485.4 | Q5: =+SUM(E5:P5) -> 227713.95 | R5: =Q5/Q6 -> 0.62387384 | S5: 0
D6: Budget | G6: 220000 | H6: 20000 | I6: 20000 | J6: 15000 | K6: 15000 | L6: 15000 | M6: 15000 | N6: 15000 | O6: 15000 | P6: 15000 | Q6: =SUM(E6:P6) -> 365000 | S6: =Q6/$Q$273 -> 0.022810362
A7: Ann | B7: C-Anchored | C7: Aus Nursing Home (NHF) | D7: Actual | E7: 2856 | F7: 3702 | G7: 9691 | H7: 5660 | I7: 2115 | J7: 788.5 | K7: 2497 | Q7: =+SUM(E7:P7) -> 27309.5 | R7: =Q7/Q8 -> 0.45515833 | S7: 0
D8: Budget | E8: 4000 | F8: 5000 | G8: 5000 | H8: 5500 | I8: 5500 | J8: 4500 | K8: 4500 | L8: 5500 | M8: 5500 | N8: 4500 | O8: 5000 | P8: 5500 | Q8: =SUM(E8:P8) -> 60000 | S8: =Q8/$Q$273 -> 0.0037496485
A9: Ann | B9: C-Anchored | C9: CORNERSTONE HEALTH | D9: Actual | E9: 5435.32 | F9: 7118.27 | G9: 10258.05 | H9: 10005.67 | I9: 9010.55 | J9: 6255.5 | K9: 4952.32 | Q9: =+SUM(E9:P9) -> 53035.68 | R9: =Q9/Q10 -> 0.883928 | S9: 0
D10: Budget | E10: 6000 | F10: 6000 | G10: 6500 | H10: 4000 | I10: 4000 | J10: 3000 | K10: 4000 | L10: 3000 | M10: 6000 | N10: 6000 | O10: 5500 | P10: 6000 | Q10: =SUM(E10:P10) -> 60000 | S10: =Q10/$Q$273 -> 0.0037496485
A11: Ann | B11: C-Anchored | C11: Dooleys | D11: Actual | E11: 1304.78 | G11: 44262 | H11: 4126 | I11: 700 | J11: 380 | K11: 3950 | Q11: =+SUM(E11:P11) -> 54722.78 | R11: =Q11/Q12 -> 0.781754 | S11: 0
D12: Budget | E12: 2500 | F12: 8000 | G12: 8000 | H12: 5000 | I12: 8000 | J12: 2000 | K12: 2000 | L12: 7000 | M12: 8000 | N12: 5000 | O12: 8000 | P12: 6500 | Q12: =SUM(E12:P12) -> 70000 | S12: =Q12/$Q$273 -> 0.0043745899
A13: Ann | B13: C-Anchored | C13: Edge Early Learning | D13: Actual | E13: 10031.03 | F13: 55953.408 | Q13: =+SUM(E13:P13) -> 65984.438 | R13: =Q13/Q14 -> 1.0997406 | S13: 0
D14: Budget | E14: 20000 | F14: 20000 | G14: 20000 | Q14: =SUM(E14:P14) -> 60000 | S14: =Q14/$Q$273 -> 0.0037496485
A15: Ann | B15: C-Anchored | C15: EG Australia | D15: Actual | E15: 7328.96 | F15: 3975.5527 | G15: 1436.6626 | H15: 8176.3572 | I15: 7295.2354 | J15: 4165.96 | K15: 7468.36 | Q15: =+SUM(E15:P15) -> 39847.088 | R15: =Q15/Q16 -> 0.33205907 | S15: 0
D16: Budget | E16: 10000 | F16: 10000 | G16: 10000 | H16: 10000 | I16: 10000 | J16: 10000 | K16: 10000 | L16: 10000 | M16: 10000 | N16: 10000 | O16: 10000 | P16: 10000 | Q16: =SUM(E16:P16) -> 120000 | S16: =Q16/$Q$273 -> 0.0074992969
A17: Ann | B17: C-Anchored | C17: DEICORP | D17: Actual | F17: 8103.5 | G17: 7506.65 | H17: 8037.4 | I17: 3657 | K17: 375 | Q17: =+SUM(E17:P17) -> 27679.55 | R17: =Q17/Q18 -> 0.36906067 | S17: #REF!
D18: Budget | E18: 5000 | F18: 5500 | G18: 5000 | H18: 4000 | I18: 5500 | J18: 3000 | K18: 8000 | L18: 2000 | M18: 5000 | N18: 7000 | O18: 15000 | P18: 10000 | Q18: =SUM(E18:P18) -> 75000 | S18: =Q18/#REF! -> #REF!
A19: Ann | B19: C-Anchored | C19: SMARTWAYS | D19: Actual | E19: 10921.75 | F19: 4290.05 | G19: 11387.15 | H19: 24688.9 | I19: 2981.8 | J19: 1304.83 | K19: 8721.8 | Q19: =+SUM(E19:P19) -> 64296.28 | R19: =Q19/Q20 -> 0.42721781 | S19: 0
D20: Budget | E20: 12500 | F20: 12500 | G20: 12500 | H20: 12500 | I20: 12500 | J20: 12500 | K20: 12500 | L20: 12500 | M20: 12500 | N20: 12500 | O20: 13000 | P20: 12500 | Q20: =SUM(E20:P20) -> 150500 | S20: =Q20/#REF! -> #REF!
A21: Ann | B21: C-Anchored | C21: Universal Kingdom of God | D21: Actual | Q21: =+SUM(E21:P21) -> 0 | R21: =Q21/Q22 -> 0 | S21: 0
D22: Budget | L22: 35000 | M22: 15000 | Q22: =SUM(E22:P22) -> 50000 | S22: =Q22/#REF! -> #REF!
A23: Ann | B23: C-Anchored | C23: Hall and Prior | D23: Actual | E23: 12661.63 | F23: 7797.22 | G23: 16019.05 | H23: 6941.28 | I23: 8709.1328 | J23: 4054.35 | K23: 10397.2 | Q23: =+SUM(E23:P23) -> 66579.863 | R23: =Q23/Q24 -> 1.1096644 | S23: 0
D24: Budget | E24: 5000 | F24: 5500 | G24: 5000 | H24: 3500 | I24: 4000 | J24: 3500 | K24: 5500 | L24: 4000 | M24: 7500 | N24: 5500 | O24: 5500 | P24: 5500 | Q24: =SUM(E24:P24) -> 60000 | S24: =Q24/$Q$273 -> 0.0037496485
A25: Ann | B25: C-Anchored | C25: HARDI AGED CARE | D25: Actual | E25: 7674.8 | F25: 10950.26 | G25: 5299.2692 | H25: 3850.5 | I25: 4922.0454 | J25: 3092.5 | K25: 5517 | Q25: =+SUM(E25:P25) -> 41306.375 | R25: =Q25/Q26 -> 0.68843958 | S25: 0
D26: Budget | E26: 5500 | F26: 5500 | G26: 4500 | H26: 5500 | I26: 5500 | J26: 3000 | K26: 3500 | L26: 5500 | M26: 5500 | N26: 5500 | O26: 5000 | P26: 5500 | Q26: =SUM(E26:P26) -> 60000 | S26: =Q26/$Q$273 -> 0.0037496485
A27: Ann | B27: C-Anchored | C27: RSL LIFECARE | D27: Actual | E27: 314 | G27: 330 | H27: 490 | I27: 1230 | J27: 1190 | K27: 400 | Q27: =+SUM(E27:P27) -> 3954 | R27: =Q27/Q28 -> 0.07908 | S27: 0
D28: Budget | E28: 6000 | F28: 6000 | G28: 6000 | H28: 3000 | I28: 3000 | J28: 3000 | K28: 4000 | L28: 3000 | M28: 3000 | N28: 3000 | O28: 5000 | P28: 5000 | Q28: =SUM(E28:P28) -> 50000 | S28: =Q28/$Q$273 -> 0.0031247071
A29: Ann | B29: C-Anchored | C29: MYCAR | D29: Actual | E29: 6185.5 | F29: 6568.12 | G29: 1233 | H29: 10321.5 | I29: 883.5 | J29: 21941.95 | K29: 3104 | Q29: =+SUM(E29:P29) -> 50237.57 | R29: =Q29/Q30 -> 0.71767957 | S29: 0
D30: Budget | E30: 4000 | F30: 4000 | G30: 4500 | H30: 5500 | I30: 15000 | J30: 4500 | K30: 2500 | L30: 4000 | M30: 15000 | N30: 5500 | O30: 2500 | P30: 3000 | Q30: =SUM(E30:P30) -> 70000 | S30: =Q30/$Q$273 -> 0.0043745899
A31: Ann | B31: C-Anchored | C31: MYCAR - ALSCO | D31: Actual | F31: 242.5 | Q31: =+SUM(E31:P31) -> 242.5 | R31: =Q31/Q32 -> 0.00080833333 | S31: 0
D32: Budget | O32: 300000 | Q32: =SUM(E32:P32) -> 300000 | S32: =Q32/$Q$273 -> 0.018748242
A33: Ann | B33: C-Anchored | C33: SYDNEY CRICKET & SPORTS GRD TR | D33: Actual | E33: 6727 | G33: 1376 | H33: 10620 | J33: 664 | K33: 4390 | Q33: =+SUM(E33:P33) -> 23777 | R33: =Q33/Q34 -> 0.21615455 | S33: 0
D34: Budget | E34: 25000 | F34: 25000 | G34: 20000 | H34: 10000 | K34: 20000 | P34: 10000 | Q34: =SUM(E34:P34) -> 110000 | S34: =Q34/$Q$273 -> 0.0068743555
A35: Ann | B35: C-Anchored | C35: Whiddon | D35: Actual | E35: 13608 | F35: 8708.08 | G35: 40710.54 | H35: 11881.35 | I35: 13751.909 | J35: 5429.09 | K35: 7206 | Q35: =+SUM(E35:P35) -> 101294.97 | R35: =Q35/Q36 -> 0.3376499 | S35: 0
D36: Budget | E36: 17000 | F36: 17000 | G36: 26600 | H36: 26600 | I36: 26600 | J36: 26600 | K36: 26600 | L36: 26600 | M36: 26600 | N36: 26600 | O36: 26600 | P36: 26600 | Q36: =SUM(E36:P36) -> 300000 | S36: =Q36/$Q$273 -> 0.018748242
A37: Ann | B37: C-Anchored | C37: Woolworths Metro | D37: Actual | E37: 8256.54 | F37: 9453.9 | G37: 7183 | H37: 11499.56 | I37: 8471.2744 | J37: 10013.42 | K37: 7217.45 | Q37: =+SUM(E37:P37) -> 62095.144 | R37: =Q37/Q38 -> 0.62095144 | S37: 0
D38: Budget | E38: 8500 | F38: 8500 | G38: 8500 | H38: 8500 | I38: 8500 | J38: 8500 | K38: 8000 | L38: 8000 | M38: 8500 | N38: 8500 | O38: 8000 | P38: 8000 | Q38: =SUM(E38:P38) -> 100000 | S38: =Q38/$Q$273 -> 0.0062494141
A39: Ann | B39: C-Anchored | C39: WOOLWORTHS - ALSCO | D39: Actual | E39: 206250 | F39: 165000 | Q39: =+SUM(E39:P39) -> 371250 | R39: =Q39/Q40 -> 0.80706522 | S39: 0
D40: Budget | E40: 210000 | G40: 165000 | N40: 85000 | Q40: =SUM(E40:P40) -> 460000 | S40: =Q40/$Q$273 -> 0.028747305
A41: Ann | B41: C-Anchored | C41: Fantastic Furniture | D41: Actual | E41: 5868 | F41: 26762 | G41: 12594 | H41: 3505 | I41: 32239 | J41: 5040 | K41: 9530 | Q41: =+SUM(E41:P41) -> 95538 | R41: =Q41/Q42 -> 0.68241429 | S41: 0
D42: Budget | E42: 10000 | F42: 10000 | G42: 6000 | H42: 10000 | I42: 20000 | J42: 40000 | K42: 5000 | L42: 6000 | M42: 8000 | N42: 8000 | O42: 7000 | P42: 10000 | Q42: =SUM(E42:P42) -> 140000 | S42: =Q42/$Q$273 -> 0.0087491798
A43: Ann | B43: C-General | C43: General-Ann | D43: Actual | E43: 55460.25 | F43: 53687.9 | G43: 40257.93 | H43: 36993.81 | I43: 43978.04 | J43: 13447.23 | K43: 35281.17 | Q43: =+SUM(E43:P43) -> 279106.33 | R43: =Q43/Q45 -> 0.30671025 | S43: 0
D44: New | Q44: =SUM(E44:P44) -> 0 | S44: 0
D45: Budget | E45: 85000 | F45: 60000 | G45: 80000 | H45: 90000 | I45: 100000 | J45: 60000 | K45: 60000 | L45: 60000 | M45: 60000 | N45: 85000 | O45: 85000 | P45: 85000 | Q45: =SUM(E45:P45) -> 910000 | S45: =Q45/$Q$273 -> 0.056869668
A46: Ann | B46: Total | C46: Total | D46: Actual | E46: =SUM(E44+E43+E41+E39+E37+E35+E33+E31+E29+E27+E25+E23+E21+E19+E17+E15+E13+E11+E9+E7+E5+E3) -> 540323.92 | F46: =SUM(F44+F43+F41+F39+F37+F35+F33+F31+F29+F27+F25+F23+F21+F19+F17+F15+F13+F11+F9+F7+F5+F3) -> 518505.03 | G46: =SUM(G44+G43+G41+G39+G37+G35+G33+G31+G29+G27+G25+G23+G21+G19+G17+G15+G13+G11+G9+G7+G5+G3) -> 401195.19 | H46: =SUM(H44+H43+H41+H39+H37+H35+H33+H31+H29+H27+H25+H23+H21+H19+H17+H15+H13+H11+H9+H7+H5+H3) -> 333716.34 | I46: =SUM(I44+I43+I41+I39+I37+I35+I33+I31+I29+I27+I25+I23+I21+I19+I17+I15+I13+I11+I9+I7+I5+I3) -> 269448.96 | J46: =SUM(J44+J43+J41+J39+J37+J35+J33+J31+J29+J27+J25+J23+J21+J19+J17+J15+J13+J11+J9+J7+J5+J3) -> 152095.42 | K46: =SUM(K44+K43+K41+K39+K37+K35+K33+K31+K29+K27+K25+K23+K21+K19+K17+K15+K13+K11+K9+K7+K5+K3) -> 189188.2 | L46: =SUM(L44+L43+L41+L39+L37+L35+L33+L31+L29+L27+L25+L23+L21+L19+L17+L15+L13+L11+L9+L7+L5+L3) -> 0 | ... Q46: =SUM(Q44+Q43+Q41+Q39+Q37+Q35+Q33+Q31+Q29+Q27+Q25+Q23+Q21+Q19+Q17+Q15+Q13+Q11+Q9+Q7+Q5+Q3) -> 2404473 | R46: =Q46/Q47 -> 0.51427078 | S46: 0
D47: Budget- | E47: =SUM(E45+E42+E40+E38+E36+E34+E32+E30+E28+E26+E24+E22+E20+E18+E16+E14+E12+E10+E8+E6+E4) -> 541000 | F47: =SUM(F45+F42+F40+F38+F36+F34+F32+F30+F28+F26+F24+F22+F20+F18+F16+F14+F12+F10+F8+F6+F4) -> 308500 | G47: =SUM(G45+G42+G40+G38+G36+G34+G32+G30+G28+G26+G24+G22+G20+G18+G16+G14+G12+G10+G8+G6+G4) -> 688100 | H47: =SUM(H45+H42+H40+H38+H36+H34+H32+H30+H28+H26+H24+H22+H20+H18+H16+H14+H12+H10+H8+H6+H4) -> 298600 | I47: =SUM(I45+I42+I40+I38+I36+I34+I32+I30+I28+I26+I24+I22+I20+I18+I16+I14+I12+I10+I8+I6+I4) -> 348100 | J47: =SUM(J45+J42+J40+J38+J36+J34+J32+J30+J28+J26+J24+J22+J20+J18+J16+J14+J12+J10+J8+J6+J4) -> 299100 | K47: =SUM(K45+K42+K40+K38+K36+K34+K32+K30+K28+K26+K24+K22+K20+K18+K16+K14+K12+K10+K8+K6+K4) -> 271100 | L47: =SUM(L45+L42+L40+L38+L36+L34+L32+L30+L28+L26+L24+L22+L20+L18+L16+L14+L12+L10+L8+L6+L4) -> 287100 | ... Q47: =SUM(Q45+Q42+Q40+Q38+Q36+Q34+Q32+Q30+Q28+Q26+Q24+Q22+Q20+Q18+Q16+Q14+Q12+Q10+Q8+Q6+Q4) -> 4675500 | S47: =Q47/$Q$273 -> 0.29219136
D48: % of Budget | E48: =E46/E47 -> 0.99875031 | F48: 1.7552385 | G48: =G46/G47 -> 0.58304779 | H48: =H46/H47 -> 1.1176033 | I48: =I46/I47 -> 0.77405618 | J48: =J46/J47 -> 0.50851026 | K48: =K46/K47 -> 0.69785393 | L48: 0 | M48: 0 | N48: 0 | O48: 0 | P48: 0 | Q48: =Q46/Q47 -> 0.51427078
D49: $ Variance | E49: =E46-E47 -> -676.08 | F49: 225589.73 | G49: =G46-G47 -> -286904.81 | H49: =H46-H47 -> 35116.338 | I49: =I46-I47 -> -78651.043 | J49: =J46-J47 -> -147004.58 | K49: =K46-K47 -> -81911.8 | L49: =L46-L47 -> -287100 | M49: =M46-M47 -> -306100 | N49: =N46-N47 -> -387600 | ... Q49: =Q46-Q47 -> -2271027
D50: % Variance | E50: =E49/E46 -> -0.0012512494 | F50: 0.43027684 | G50: =G49/G46 -> -0.71512526 | H50: =H49/H46 -> 0.1052281 | I50: =I49/I46 -> -0.29189589 | J50: =J49/J46 -> -0.96652864 | K50: =K49/K46 -> -0.43296464 | L50: #DIV/0! | M50: #DIV/0! | N50: #DIV/0! | O50: #DIV/0! | P50: #DIV/0! | Q50: =Q49/Q46 -> -0.9445009
D51: .
A52: Daniella | B52: C-Anchored | C52: WINNING APPLIANCES | D52: Actual | E52: 770 | F52: 7770.75 | G52: 5529.97 | H52: 4451.4 | I52: 2591.37 | J52: 1897.19 | K52: 1959.28 | Q52: =+SUM(E52:P52) -> 24969.96 | R52: =Q52/Q53 -> 0.45399927 | S52: 0
D53: Budget | E53: 3000 | F53: 4200 | G53: 1600 | H53: 7500 | I53: 5450 | J53: 1500 | K53: 4000 | L53: 4000 | M53: 7750 | N53: 6700 | O53: 4650 | P53: 4650 | Q53: =SUM(E53:P53) -> 55000 | S53: =Q53/$Q$273 -> 0.0034371778
A54: Daniella | B54: C-Anchored | C54: Tasman Logistics | D54: Actual | E54: 3703.5 | F54: 1075 | G54: 2628.5 | H54: 3022.5 | I54: 2042.5 | J54: 5186 | K54: 3618.5 | Q54: =+SUM(E54:P54) -> 21276.5 | R54: =Q54/Q55 -> 0.42553 | S54: 0
D55: Budget | E55: 4500 | F55: 4500 | G55: 5500 | H55: 5500 | I55: 2500 | J55: 2500 | K55: 2500 | L55: 5500 | M55: 2500 | N55: 3500 | O55: 5500 | P55: 5500 | Q55: =SUM(E55:P55) -> 50000 | S55: =Q55/$Q$273 -> 0.0031247071
A56: Daniella | B56: C-Anchored | C56: Canterbury League Club | D56: Actual | E56: 3345 | F56: 2248 | G56: 330 | H56: 2862 | I56: 2740 | J56: 2068 | K56: 1462 | Q56: =+SUM(E56:P56) -> 15055 | R56: =Q56/Q57 -> 0.43014286 | S56: 0
D57: Budget | E57: 3000 | G57: 10000 | H57: 3000 | I57: 5500 | L57: 5500 | M57: 3000 | O57: 2500 | P57: 2500 | Q57: =SUM(E57:P57) -> 35000 | S57: =Q57/$Q$273 -> 0.0021872949
A58: Daniella | B58: C-Anchored | C58: Pinion Advisory | D58: Actual | I58: 21326.94 | J58: 522.5 | K58: 1019.95 | Q58: =+SUM(E58:P58) -> 22869.39 | R58: =Q58/Q59 -> 0.4573878 | S58: 0
D59: Budget | H59: 25000 | I59: 25000 | Q59: =SUM(E59:P59) -> 50000 | S59: =Q59/$Q$273 -> 0.0031247071
A60: Daniella | B60: C-Anchored | C60: The Gabba | D60: Actual | H60: 5030 | I60: 5044.5 | Q60: =+SUM(E60:P60) -> 10074.5 | R60: =Q60/Q61 -> 0.22387778 | S60: 0
D61: Budget | G61: 29000 | J61: 5500 | M61: 5500 | O61: 5000 | Q61: =SUM(E61:P61) -> 45000 | S61: =Q61/$Q$273 -> 0.0028122364
A62: Daniella | B62: C-Anchored | C62: AUSTRALIAN MILITARY BANK | D62: Actual | E62: 2144 | F62: 8159.5 | G62: 4008 | H62: 3092.76 | I62: 1047.5 | J62: 655 | K62: 1595 | Q62: =+SUM(E62:P62) -> 20701.76 | R62: =Q62/Q63 -> 1.035088 | S62: 0
D63: Budget | E63: 4000 | F63: 4000 | G63: 1500 | H63: 1500 | I63: 1500 | K63: 2000 | L63: 2000 | M63: 2000 | P63: 1500 | Q63: =SUM(E63:P63) -> 20000 | S63: =Q63/$Q$273 -> 0.0012498828
A64: Daniella | B64: C-Anchored | C64: Send IT | D64: Actual | H64: 3315 | J64: 325 | Q64: =+SUM(E64:P64) -> 3640 | R64: =Q64/Q65 -> 0.1456 | S64: 0
D65: Budget | E65: 2000 | F65: 2000 | G65: 2000 | H65: 2000 | I65: 2000 | J65: 2500 | K65: 2000 | L65: 2000 | M65: 2000 | N65: 2500 | O65: 2000 | P65: 2000 | Q65: =SUM(E65:P65) -> 25000 | S65: =Q65/$Q$273 -> 0.0015623535
A66: Daniella | B66: C-Anchored | C66: Ascent Professional Services | D66: Actual | H66: 508.5 | I66: 212 | J66: 194.5 | K66: 219 | Q66: =+SUM(E66:P66) -> 1134 | R66: =Q66/Q67 -> 0.0378 | S66: 0
D67: Budget | E67: 2500 | F67: 2500 | G67: 2500 | H67: 2500 | I67: 2500 | J67: 2500 | K67: 2500 | L67: 2500 | M67: 2500 | N67: 2500 | O67: 2500 | P67: 2500 | Q67: =SUM(E67:P67) -> 30000 | S67: =Q67/$Q$273 -> 0.0018748242
A68: Daniella | B68: C-Anchored | C68: Hobson Engineering | D68: Actual | I68: 6204 | J68: 96 | Q68: =+SUM(E68:P68) -> 6300 | R68: =Q68/Q69 -> 0.42 | S68: 0
D69: Budget | E69: 1250 | F69: 1250 | G69: 1250 | H69: 1250 | I69: 1250 | J69: 1250 | K69: 1250 | L69: 1250 | M69: 1250 | N69: 1250 | O69: 1250 | P69: 1250 | Q69: =SUM(E69:P69) -> 15000 | S69: =Q69/$Q$273 -> 0.00093741212
A70: Daniella | B70: C-Anchored | C70: ROADMASTER | D70: Actual | E70: 6839 | F70: 1712 | G70: 769.5 | H70: 1709 | Q70: =+SUM(E70:P70) -> 11029.5 | R70: =Q70/Q71 -> 0.22059 | S70: 0
D71: Budget | E71: 2500 | F71: 7000 | G71: 500 | H71: 3000 | I71: 8000 | J71: 3000 | K71: 2000 | L71: 4000 | M71: 6000 | N71: 4000 | O71: 5000 | P71: 5000 | Q71: =SUM(E71:P71) -> 50000 | S71: =Q71/$Q$273 -> 0.0031247071
A72: Daniella | B72: C-Anchored | C72: Ricoh Australia | D72: Actual | E72: 3999 | F72: 6412 | G72: 948 | H72: 2512.5 | I72: 1293.5 | J72: 552 | K72: 954.5 | Q72: =+SUM(E72:P72) -> 16671.5 | R72: =Q72/Q73 -> 0.33012871 | S72: 0
D73: Budget | E73: 3000 | F73: 3000 | G73: 10000 | H73: 3000 | I73: 10000 | J73: 3000 | K73: 3000 | L73: 3500 | M73: 3000 | N73: 3000 | O73: 3000 | P73: 3000 | Q73: =SUM(E73:P73) -> 50500 | S73: =Q73/$Q$273 -> 0.0031559541
A74: Daniella | B74: C-Anchored | C74: Smart Energy | D74: Actual | H74: 6754 | I74: 5832 | J74: 1086 | K74: 7890.5 | Q74: =+SUM(E74:P74) -> 21562.5 | R74: =Q74/Q75 -> 0.5390625 | S74: 0
D75: Budget | E75: 3500 | F75: 3500 | G75: 3500 | H75: 3500 | I75: 3500 | J75: 3500 | K75: 3500 | L75: 3500 | M75: 3000 | N75: 3000 | O75: 3000 | P75: 3000 | Q75: =SUM(E75:P75) -> 40000 | S75: =Q75/$Q$273 -> 0.0024997656
A76: Daniella | B76: C-Anchored | C76: MKD | D76: Actual | H76: 776 | K76: 10495 | Q76: =+SUM(E76:P76) -> 11271 | R76: =Q76/Q77 -> 0.22542 | S76: 0
D77: Budget | E77: 4500 | F77: 4500 | G77: 5500 | H77: 5500 | I77: 2500 | J77: 2500 | K77: 2500 | L77: 5500 | M77: 2500 | N77: 3500 | O77: 5500 | P77: 5500 | Q77: =SUM(E77:P77) -> 50000 | S77: =Q77/$Q$273 -> 0.0031247071
A78: Daniella | B78: C-General | C78: Daniella General | D78: Actual | H78: 16801.2 | I78: 16863.6 | J78: 6928.55 | K78: 6724.25 | Q78: =+SUM(E78:P78) -> 47317.6 | R78: =Q78/Q80 -> 0.473176 | S78: 0
D79: New | Q79: =SUM(E79:P79) -> 0
D80: Budget | F80: 10000 | G80: 10000 | H80: 10000 | I80: 10000 | J80: 10000 | K80: 5000 | L80: 10000 | M80: 5000 | N80: 10000 | O80: 10000 | P80: 10000 | Q80: =SUM(E80:P80) -> 100000 | S80: =Q80/$Q$273 -> 0.0062494141
A81: Daniella | B81: Total | C81: Total | D81: Actual | E81: =SUM(E52,E54,E58,E60,E62,E64,E66,E68,E70,E74,E78+E79+E56+E72) -> 20800.5 | F81: =SUM(F52,F54,F58,F60,F62,F64,F66,F68,F70,F74,F78+F79+F56+F72) -> 27377.25 | G81: =SUM(G52,G54,G58,G60,G62,G64,G66,G68,G70,G74,G78+G79+G56+G72) -> 14213.97 | H81: =SUM(H52,H54,H58,H60,H62,H64,H66,H68,H70,H74,H78+H79+H56+H72) -> 50058.86 | I81: =SUM(I52,I54,I58,I60,I62,I64,I66,I68,I70,I74,I78+I79+I56+I72) -> 65197.91 | J81: =SUM(J52,J54,J58,J60,J62,J64,J66,J68,J70,J74,J78+J79+J56+J72) -> 19510.74 | K81: =SUM(K52,K54,K58,K60,K62,K64,K66,K68,K70,K74,K78+K79+K56+K72+K76) -> 35937.98 | L81: =SUM(L52,L54,L58,L60,L62,L64,L66,L68,L70,L74,L78+L79+L56+L72+L76) -> 0 | M81: =SUM(M52,M54,M58,M60,M62,M64,M66,M68,M70,M74,M78+M79+M56+M72+M76) -> 0 | N81: =SUM(N52,N54,N58,N60,N62,N64,N66,N68,N70,N74,N78+N79+N56+N72+N76) -> 0 | O81: =SUM(O52,O54,O58,O60,O62,O64,O66,O68,O70,O74,O78+O79+O56+O72+O76) -> 0 | P81: =SUM(P52,P54,P58,P60,P62,P64,P66,P68,P70,P74,P78+P79+P56+P72+P76) -> 0 | Q81: =SUM(Q52,Q54,Q58,Q60,Q62,Q64,Q66,Q68,Q70,Q74,Q78+Q79+Q56+Q72) -> 222602.21 | R81: =Q81/Q82 -> 0.36166078 | S81: 0
D82: Budget- | E82: =SUM(E80+E77+E75+E73+E71+E69+E67+E65+E63+E61+E59+E57+E55+E53) -> 33750 | F82: =SUM(F80+F77+F75+F73+F71+F69+F67+F65+F63+F61+F59+F57+F55+F53) -> 46450 | G82: =SUM(G80+G77+G75+G73+G71+G69+G67+G65+G63+G61+G59+G57+G55+G53) -> 82850 | H82: =SUM(H80+H77+H75+H73+H71+H69+H67+H65+H63+H61+H59+H57+H55+H53) -> 73250 | I82: =SUM(I80+I77+I75+I73+I71+I69+I67+I65+I63+I61+I59+I57+I55+I53) -> 79700 | J82: =SUM(J80+J77+J75+J73+J71+J69+J67+J65+J63+J61+J59+J57+J55+J53) -> 37750 | K82: =SUM(K80+K77+K75+K73+K71+K69+K67+K65+K63+K61+K59+K57+K55+K53) -> 30250 | L82: =SUM(L80+L77+L75+L73+L71+L69+L67+L65+L63+L61+L59+L57+L55+L53) -> 49250 | ... Q82: =SUM(Q80+Q77+Q75+Q73+Q71+Q69+Q67+Q65+Q63+Q61+Q59+Q57+Q55+Q53) -> 615500 | S82: =Q82/$Q$273 -> 0.038465144
D83: % of Budget | E83: =E81/E82 -> 0.61631111 | F83: 0.90426068 | G83: =G81/G82 -> 0.1715627 | H83: =H81/H82 -> 0.68339741 | I83: =I81/I82 -> 0.81804153 | J83: =J81/J82 -> 0.51684079 | K83: =K81/K82 -> 1.1880324 | L83: =L81/L82 -> 0 | M83: =M81/M82 -> 0 | N83: =N81/N82 -> 0 | ... Q83: =Q81/Q82 -> 0.36166078
D84: $ Variance | E84: =E81-E82 -> -12949.5 | F84: -13977.94 | G84: =G81-G82 -> -68636.03 | H84: =H81-H82 -> -23191.14 | I84: =I81-I82 -> -14502.09 | J84: =J81-J82 -> -18239.26 | K84: =K81-K82 -> 5687.98 | L84: =L81-L82 -> -49250 | M84: =M81-M82 -> -46000 | N84: =N81-N82 -> -39950 | ... Q84: =Q81-Q82 -> -392897.79
D85: % Variance | E85: =E84/E81 -> -0.62255715 | F85: -0.10587579 | G85: =G84/G81 -> -4.8287727 | H85: =H84/H81 -> -0.46327743 | I85: =I84/I81 -> -0.22243182 | J85: =J84/J81 -> -0.93483179 | K85: =K84/K81 -> 0.15827211 | L85: =L84/L81 -> #DIV/0! | M85: =M84/M81 -> #DIV/0! | N85: =N84/N81 -> #DIV/0! | ... Q85: =Q84/Q81 -> -1.765022
D86: .
A87: AL | B87: C-Anchored | C87: Toyota | D87: Actual | E87: 5898.4 | F87: 9212.91 | G87: 5399.8082 | H87: 5039.54 | I87: 7869.0365 | J87: 5553.21 | K87: 1898.22 | Q87: =+SUM(E87:P87) -> 40871.125 | R87: =Q87/Q88 -> 0.51088906 | S87: 0
D88: Budget | E88: 6500 | F88: 6500 | G88: 6500 | H88: 6500 | I88: 7500 | J88: 6500 | K88: 5500 | L88: 5500 | M88: 7000 | N88: 7000 | O88: 7500 | P88: 7500 | Q88: =SUM(E88:P88) -> 80000 | S88: =Q88/$Q$273 -> 0.0049995313
A89: AL | B89: C-Anchored | C89: BIG RIVER GROUP | D89: Actual | E89: 7496 | F89: 2499.5 | G89: 5203.6 | H89: 2554 | I89: 1314 | J89: 2074 | K89: 14893.5 | Q89: =+SUM(E89:P89) -> 36034.6 | R89: =Q89/Q90 -> 0.51112908 | S89: 0
D90: Budget | E90: 7000 | F90: 6500 | G90: 6500 | H90: 5500 | I90: 5500 | J90: 5500 | K90: 5500 | L90: 5500 | M90: 5500 | N90: 6000 | O90: 5000 | P90: 6500 | Q90: =SUM(E90:P90) -> 70500 | S90: =Q90/$Q$273 -> 0.004405837
A91: AL | B91: C-Anchored | C91: ONSITE RENTAL GROUP | D91: Actual | E91: 13885 | F91: 17552.65 | G91: 21739.71 | H91: 14895 | I91: 20811.06 | J91: 10554 | K91: 14888.03 | Q91: =+SUM(E91:P91) -> 114325.45 | R91: =Q91/Q92 -> 0.67250265 | S91: 0
D92: Budget | E92: 20000 | F92: 20000 | G92: 18000 | H92: 14000 | I92: 13000 | J92: 10000 | K92: 13000 | L92: 13000 | M92: 10000 | N92: 13000 | O92: 13000 | P92: 13000 | Q92: =SUM(E92:P92) -> 170000 | S92: =Q92/$Q$273 -> 0.010624004
A93: AL | B93: C-Anchored | C93: Pedders Group | D93: Actual | E93: 11524.8 | F93: 15193.6 | G93: 6915.61 | H93: 12298.1 | I93: 9769.3 | J93: 1833.05 | K93: 7323 | Q93: =+SUM(E93:P93) -> 64857.46 | R93: =Q93/Q94 -> 0.43238307 | S93: 0
D94: Budget | E94: 12500 | F94: 12500 | G94: 12500 | H94: 12500 | I94: 12500 | J94: 12500 | K94: 12500 | L94: 12500 | M94: 12500 | N94: 12500 | O94: 12500 | P94: 12500 | Q94: =SUM(E94:P94) -> 150000 | S94: =Q94/$Q$273 -> 0.0093741212
A95: AL | B95: C-Anchored | C95: UNITED FASTENERS | D95: Actual | E95: 1282.82 | F95: 1220.27 | G95: 1860.89 | H95: 4049.4435 | I95: 4272.53 | J95: 420 | K95: 1462.36 | Q95: =+SUM(E95:P95) -> 14568.314 | R95: =Q95/Q96 -> 0.26487843 | S95: 0
D96: Budget | E96: 1000 | F96: 11000 | G96: 2000 | H96: 8000 | I96: 1500 | J96: 4000 | K96: 1500 | L96: 1500 | M96: 8000 | N96: 7500 | O96: 4500 | P96: 4500 | Q96: =SUM(E96:P96) -> 55000 | S96: =Q96/$Q$273 -> 0.0034371778
A97: AL | B97: C-Anchored | C97: RESTHAVEN | D97: Actual | H97: 1725.1545 | Q97: =+SUM(E97:P97) -> 1725.1545 | R97: =Q97/Q98 -> #DIV/0! | S97: 0
D98: Budget | Q98: =SUM(E98:P98) -> 0 | S98: =Q98/$Q$273 -> 0
A99: AL | B99: C-Anchored | C99: Ford | D99: Actual | E99: 10317 | F99: 8865 | G99: 3577.045 | H99: 8553.2726 | I99: 5028.5 | J99: 5369.09 | K99: 6722.36 | Q99: =+SUM(E99:P99) -> 48432.268 | R99: =Q99/Q100 -> 0.32288178 | S99: 0
D100: Budget | E100: 12000 | F100: 12000 | G100: 12000 | H100: 12000 | I100: 12000 | J100: 12000 | K100: 12000 | L100: 12000 | M100: 15000 | N100: 12000 | O100: 12000 | P100: 15000 | Q100: =SUM(E100:P100) -> 150000 | S100: =Q100/$Q$273 -> 0.0093741212
...

Sheet Q1 ONLY
A1: Sales Budget Vs Actual Invoiced- 1st July 2025 to 30 September 2025 - Q1 | H1: Annual | J1: % Of Sales
A2: Account Manager | B2: Non-Report | C2: Customer Name | E2: 45839 | F2: 45870 | G2: 45901 | H2: Total | I2: % to Budget
A3: Ann | B3: C-Anchored | C3: WINNING APPLIANCES | D3: Actual | E3: 770 | F3: 7770.75 | G3: 5529.97 | H3: =+SUM(E3:G3) -> 14070.72 | I3: =H3/H4 -> 1.5989455 | J3: 0
D4: Budget | E4: 3000 | F4: 4200 | G4: 1600 | H4: =SUM(E4:G4) -> 8800 | J4: =H4/$H$230 -> 0.0019731389
A5: Ann | B5: C-Anchored | C5: HARVEY NORMAN | D5: Actual | E5: 179440.36 | F5: 138218.8 | G5: 37125.06 | H5: =+SUM(E5:G5) -> 354784.22 | I5: =H5/H6 -> 1.2670865 | J5: 0
D6: Budget | E6: 105000 | F6: 100000 | G6: 75000 | H6: =SUM(E6:G6) -> 280000 | J6: =H6/$H$230 -> 0.062781691
A7: Ann | B7: C-Anchored | C7: HARVEY NORMAN NZ | D7: Actual | F7: 7973.4671 | G7: 154525.83 | H7: =+SUM(E7:G7) -> 162499.29 | I7: =H7/H8 -> 0.73863315 | J7: 0
D8: Budget | G8: 220000 | H8: =SUM(E8:G8) -> 220000 | J8: =H8/$H$230 -> 0.049328471
A9: Ann | B9: C-Anchored | C9: Aus Nursing Home (NHF) | D9: Actual | E9: 2856 | F9: 3702 | G9: 9691 | H9: =+SUM(E9:G9) -> 16249 | I9: =H9/H10 -> 1.1606429 | J9: 0
D10: Budget | E10: 4000 | F10: 5000 | G10: 5000 | H10: =SUM(E10:G10) -> 14000 | J10: =H10/$H$230 -> 0.0031390845
A11: Ann | B11: C-Anchored | C11: AUSTRALIAN MILITARY BANK | D11: Actual | E11: 2144 | F11: 8159.5 | G11: 4008 | H11: =+SUM(E11:G11) -> 14311.5 | I11: =H11/H12 -> 1.5064737 | J11: 0
D12: Budget | E12: 4000 | F12: 4000 | G12: 1500 | H12: =SUM(E12:G12) -> 9500 | J12: =H12/$H$230 -> 0.0021300931
A13: Ann | B13: C-Anchored | C13: CORNERSTONE HEALTH | D13: Actual | E13: 5435.32 | F13: 7118.27 | G13: 10258.05 | H13: =+SUM(E13:G13) -> 22811.64 | I13: =H13/H14 -> 1.2330616 | J13: 0
D14: Budget | E14: 6000 | F14: 6000 | G14: 6500 | H14: =SUM(E14:G14) -> 18500 | J14: =H14/$H$230 -> 0.004148076
A15: Ann | B15: C-Anchored | C15: Dooleys | D15: Actual | E15: 1304.78 | G15: 44262 | H15: =+SUM(E15:G15) -> 45566.78 | I15: =H15/H16 -> 2.4630692 | J15: 0
D16: Budget | E16: 2500 | F16: 8000 | G16: 8000 | H16: =SUM(E16:G16) -> 18500 | J16: =H16/$H$230 -> 0.004148076
A17: Ann | B17: C-Anchored | C17: Edge Early Learning | D17: Actual | E17: 10031.03 | F17: 55953.408 | H17: =+SUM(E17:G17) -> 65984.438 | I17: =H17/H18 -> 1.0997406 | J17: 0
D18: Budget | E18: 20000 | F18: 20000 | G18: 20000 | H18: =SUM(E18:G18) -> 60000 | J18: =H18/$H$230 -> 0.013453219
A19: Ann | B19: C-Anchored | C19: EG Australia | D19: Actual | E19: 7328.96 | F19: 3975.5527 | G19: 1436.6626 | H19: =+SUM(E19:G19) -> 12741.175 | I19: =H19/H20 -> 0.42470584 | J19: 0
D20: Budget | E20: 10000 | F20: 10000 | G20: 10000 | H20: =SUM(E20:G20) -> 30000 | J20: =H20/$H$230 -> 0.0067266097
A21: Ann | B21: C-Anchored | C21: Hall and Prior | D21: Actual | E21: 12661.63 | F21: 7797.22 | G21: 16019.05 | H21: =+SUM(E21:G21) -> 36477.9 | I21: =H21/H22 -> 2.3534129 | J21: 0
D22: Budget | E22: 5000 | F22: 5500 | G22: 5000 | H22: =SUM(E22:G22) -> 15500 | J22: =H22/$H$230 -> 0.003475415
A23: Ann | B23: C-Anchored | C23: HARDI AGED CARE | D23: Actual | E23: 7674.8 | F23: 10950.26 | G23: 5299.2692 | H23: =+SUM(E23:G23) -> 23924.329 | I23: =H23/H24 -> 1.5435051 | J23: 0
D24: Budget | E24: 5500 | F24: 5500 | G24: 4500 | H24: =SUM(E24:G24) -> 15500 | J24: =H24/$H$230 -> 0.003475415
A25: Ann | B25: C-Anchored | C25: RSL LIFECARE | D25: Actual | E25: 314 | G25: 330 | H25: =+SUM(E25:G25) -> 644 | I25: =H25/H26 -> 0.035777778 | J25: 0
D26: Budget | E26: 6000 | F26: 6000 | G26: 6000 | H26: =SUM(E26:G26) -> 18000 | J26: =H26/$H$230 -> 0.0040359658
A27: Ann | B27: C-Anchored | C27: MYCAR | D27: Actual | E27: 6185.5 | F27: 6568.12 | G27: 1233 | H27: =+SUM(E27:G27) -> 13986.62 | I27: =H27/H28 -> 1.1189296 | J27: 0
D28: Budget | E28: 4000 | F28: 4000 | G28: 4500 | H28: =SUM(E28:G28) -> 12500 | J28: =H28/$H$230 -> 0.0028027541
A29: Ann | B29: C-Anchored | C29: MYCAR - ALSCO | D29: Actual | F29: 242.5 | H29: =+SUM(E29:G29) -> 242.5 | I29: =H29/H30 -> #DIV/0! | J29: 0
D30: Budget | H30: =SUM(E30:G30) -> 0 | J30: =H30/$H$230 -> 0
A31: Ann | B31: C-Anchored | C31: SYDNEY CRICKET & SPORTS GRD TR | D31: Actual | E31: 6727 | G31: 1376 | H31: =+SUM(E31:G31) -> 8103 | I31: =H31/H32 -> 0.11575714 | J31: 0
D32: Budget | E32: 25000 | F32: 25000 | G32: 20000 | H32: =SUM(E32:G32) -> 70000 | J32: =H32/$H$230 -> 0.015695423
A33: Ann | B33: C-Anchored | C33: Whiddon | D33: Actual | E33: 13608 | F33: 8708.08 | G33: 40710.54 | H33: =+SUM(E33:G33) -> 63026.62 | I33: =H33/H34 -> 1.0400432 | J33: 0
D34: Budget | E34: 17000 | F34: 17000 | G34: 26600 | H34: =SUM(E34:G34) -> 60600 | J34: =H34/$H$230 -> 0.013587752
A35: Ann | B35: C-Anchored | C35: WOOLWORTHS - METRO | D35: Actual | E35: 8256.54 | F35: 9453.9 | G35: 7183 | H35: =+SUM(E35:G35) -> 24893.44 | I35: =H35/H36 -> 0.97621333 | J35: 0
D36: Budget | E36: 8500 | F36: 8500 | G36: 8500 | H36: =SUM(E36:G36) -> 25500 | J36: =H36/$H$230 -> 0.0057176183
A37: Ann | B37: C-Anchored | C37: WOOLWORTHS - ALSCO | D37: Actual | E37: 206250 | F37: 165000 | H37: =+SUM(E37:G37) -> 371250 | I37: =H37/H38 -> 0.99 | J37: 0
D38: Budget | E38: 210000 | G38: 165000 | H38: =SUM(E38:G38) -> 375000 | J38: =H38/$H$230 -> 0.084082622
A39: Ann | B39: C-Anchored | C39: Fantastic Furniture | D39: Actual | E39: 5868 | F39: 26762 | G39: 12594 | H39: =+SUM(E39:G39) -> 45224 | I39: =H39/H40 -> 1.7393846 | J39: 0
D40: Budget | E40: 10000 | F40: 10000 | G40: 6000 | H40: =SUM(E40:G40) -> 26000 | J40: =H40/$H$230 -> 0.0058297284
A41: Ann | B41: C-Anchored | C41: Canterbury League Club | D41: Actual | E41: 3345 | F41: 2248 | G41: 330 | H41: =+SUM(E41:G41) -> 5923 | I41: =H41/H42 -> 0.45561538 | J41: 0
D42: Budget | E42: 3000 | G42: 10000 | H42: =SUM(E42:G42) -> 13000 | J42: =H42/$H$230 -> 0.0029148642
A43: Ann | B43: C-General | C43: General-Ann | D43: Actual | E43: 55460.25 | F43: 53687.9 | G43: 40257.93 | H43: =+SUM(E43:G43) -> 149406.08 | I43: =H43/H45 -> 0.66402702 | J43: 0
D44: New | H44: =SUM(E44:G44) -> 0 | J44: 0
D45: Budget | E45: 85000 | F45: 60000 | G45: 80000 | H45: =SUM(E45:G45) -> 225000 | J45: =H45/$H$230 -> 0.050449573
A46: Ann | B46: Total | C46: Total | D46: Actual | E46: =SUM(E43,E41,E39,E37,E35,E33,E31,E29,E27,E25,E23,E21,E19,E17,E15,E13,E11,E9,E7,E5,E3,E44) -> 535661.17 | F46: 524289.73 | G46: =SUM(G43,G41,G39,G37,G35,G33,G31,G29,G27,G25,G23,G21,G19,G17,G15,G13,G11,G9,G7,G5,G3,G44) -> 392169.36 | H46: =SUM(H43,H41,H39,H37,H35,H33,H31,H29,H27,H25,H23,H21,H19,H17,H15,H13,H11,H9,H7,H5,H3,H44) -> 1452120.3 | I46: =H46/H47 -> 0.95792615 | J46: 0
D47: Budget | E47: =SUM(E45,E42,E40,E38,E36,E34,E32,E30,E28,E26,E24,E22,E20,E18,E16,E14,E12,E10,E8,E6,E4) -> 533500 | F47: 298700 | G47: =SUM(G45,G42,G40,G38,G36,G34,G32,G30,G28,G26,G24,G22,G20,G18,G16,G14,G12,G10,G8,G6,G4) -> 683700 | H47: =SUM(H45,H42,H40,H38,H36,H34,H32,H30,H28,H26,H24,H22,H20,H18,H16,H14,H12,H10,H8,H6,H4) -> 1515900 | J47: =H47/$H$230 -> 0.33989559
D48: % of Budget | E48: =E46/E47 -> 1.0040509 | F48: 1.7552385 | G48: =G46/G47 -> 0.57359859 | H48: =H46/H47 -> 0.95792615
D49: $ Variance | E49: =E46-E47 -> 2161.17 | F49: 225589.73 | G49: =G46-G47 -> -291530.64 | H49: =H46-H47 -> -63779.745
D50: % Variance | E50: =E49/E46 -> 0.004034584 | F50: 0.43027684 | G50: =G49/G46 -> -0.74337945 | H50: =H49/H46 -> -0.043921806
D51: .
A52: Adrian | B52: C-Anchored | C52: Toyota | D52: Actual | E52: 5898.4 | F52: 9212.91 | G52: 5399.8082 | H52: =+SUM(E52:G52) -> 20511.118 | I52: =H52/H53 -> 1.0518522 | J52: 0
D53: Budget | E53: 6500 | F53: 6500 | G53: 6500 | H53: =SUM(E53:G53) -> 19500 | J53: =H53/$H$230 -> 0.0043722963
A54: Adrian | C54: Ford | D54: Actual | E54: 10317 | F54: 8865 | G54: 3577.045 | H54: =+SUM(E54:G54) -> 22759.045 | I54: =H54/H55 -> 0.63219569 | J54: 0
D55: Budget | E55: 12000 | F55: 12000 | G55: 12000 | H55: =SUM(E55:G55) -> 36000 | J55: =H55/$H$230 -> 0.0080719317
A56: Adrian | C56: Redland | D56: Actual | H56: =+SUM(E56:G56) -> 0 | I56: =H56/H57 -> 0 | J56: 0
D57: Budget | E57: 10000 | F57: 10000 | G57: 10000 | H57: =SUM(E57:G57) -> 30000 | J57: =H57/$H$230 -> 0.0067266097
A58: Adrian | B58: C-Anchored | C58: BagTrans | D58: Actual | E58: 904 | F58: 1172.75 | H58: =+SUM(E58:G58) -> 2076.75 | I58: =H58/H59 -> 0.2769 | J58: 0
D59: Budget | E59: 2500 | F59: 2500 | G59: 2500 | H59: =SUM(E59:G59) -> 7500 | J59: =H59/$H$230 -> 0.0016816524
A60: Adrian | B60: C-Anchored | C60: KIP | D60: Actual | E60: 2522 | F60: 3239.5 | G60: 5167 | H60: =+SUM(E60:G60) -> 10928.5 | I60: =H60/H61 -> 1.0408095 | J60: 0
D61: Budget | E61: 3500 | F61: 3500 | G61: 3500 | H61: =SUM(E61:G61) -> 10500 | J61: =H61/$H$230 -> 0.0023543134
A62: Adrian | B62: C-Anchored | C62: Luxol Childcare Groups | D62: Actual | E62: 530 | F62: 4774.02 | G62: 1482 | H62: =+SUM(E62:G62) -> 6786.02 | I62: =H62/H63 -> 1.5080044 | J62: 0
D63: Budget | E63: 1500 | F63: 1500 | G63: 1500 | H63: =SUM(E63:G63) -> 4500 | J63: =H63/$H$230 -> 0.0010089915
A64: Adrian | B64: C-Anchored | C64: HONDA AUSTRALIA | D64: Actual | E64: 295.5 | F64: 4558.46 | G64: 1045.5 | H64: =+SUM(E64:G64) -> 5899.46 | I64: =H64/H65 -> 0.56185333 | J64: 0
D65: Budget | E65: 3500 | F65: 3500 | G65: 3500 | H65: =SUM(E65:G65) -> 10500 | J65: =H65/$H$230 -> 0.0023543134
A66: Adrian | B66: C-Anchored | C66: Tasman Logistics | D66: Actual | E66: 3703.5 | F66: 1075 | G66: 2628.5 | H66: =+SUM(E66:G66) -> 7407 | I66: =H66/H67 -> 0.51082759 | J66: 0
D67: Budget | E67: 4500 | F67: 4500 | G67: 5500 | H67: =SUM(E67:G67) -> 14500 | J67: =H67/$H$230 -> 0.0032511947
A68: Adrian | B68: C-Anchored | C68: TEEG | D68: Actual | E68: 24388.35 | F68: 25832.08 | G68: 32879.977 | H68: =+SUM(E68:G68) -> 83100.407 | I68: =H68/H69 -> 0.92333786 | J68: 0
D69: Budget | E69: 30000 | F69: 30000 | G69: 30000 | H69: =SUM(E69:G69) -> 90000 | J69: =H69/$H$230 -> 0.020179829
A70: Adrian | B70: C-Anchored | C70: Anytime Fitness | D70: Actual | E70: 21379.41 | F70: 17045.1 | G70: 15778.285 | H70: =+SUM(E70:G70) -> 54202.795 | I70: =H70/H71 -> 0.72270394 | J70: 0
D71: Budget | E71: 25000 | F71: 25000 | G71: 25000 | H71: =SUM(E71:G71) -> 75000 | J71: =H71/$H$230 -> 0.016816524
A72: Adrian | B72: C-Anchored | C72: SSP AUSTRALIA CATERING | D72: Actual | E72: 8619.5 | F72: 447.3 | G72: 6621.5 | H72: =+SUM(E72:G72) -> 15688.3 | I72: =H72/H73 -> 2.6147167 | J72: 0
D73: Budget | E73: 2000 | F73: 2000 | G73: 2000 | H73: =SUM(E73:G73) -> 6000 | J73: =H73/$H$230 -> 0.0013453219
A74: Adrian | B74: C-Anchored | C74: SYC | D74: Actual | E74: 1058 | F74: 270 | G74: 1373 | H74: =+SUM(E74:G74) -> 2701 | I74: =H74/H75 -> 0.5402 | J74: 0
D75: Budget | E75: 0 | F75: 5000 | G75: 0 | H75: =SUM(E75:G75) -> 5000 | J75: =H75/$H$230 -> 0.0011211016
A76: Adrian | B76: C-General | C76: General-Adrian | D76: Actual | E76: 23315.01 | F76: 55529.94 | G76: 31151.64 | H76: =+SUM(E76:G76) -> 109996.59 | I76: =H76/H78 -> 0.91663825 | J76: 0
D77: New | H77: =SUM(E77:G77) -> 0
D78: Budget | E78: 40000 | F78: 40000 | G78: 40000 | H78: =SUM(E78:G78) -> 120000 | J78: =H78/$H$230 -> 0.026906439
A79: Adrian | B79: Total | C79: Total | D79: Actual | E79: =SUM(E52,E54,E58,E60,E62,E64,E66,E68,E70,E74,E76+E77+E56+E72) -> 102930.67 | F79: 132022.06 | G79: =SUM(G52,G54,G58,G60,G62,G64,G66,G68,G70,G74,G76+G77+G56+G72) -> 107104.26 | H79: =SUM(H52,H54,H58,H60,H62,H64,H66,H68,H70,H74,H76+H77+H56+H72) -> 342056.99 | I79: =H79/H80 -> 0.79733563 | J79: 0
D80: Budget | E80: =SUM(E53,E55,E57,E59,E61,E63,E65,E67,E69,E71,E73,E75,E78) -> 141000 | F80: 146000 | G80: =SUM(G53,G55,G57,G59,G61,G63,G65,G67,G69,G71,G73,G75,G78) -> 142000 | H80: =SUM(H53,H55,H57,H59,H61,H63,H65,H67,H69,H71,H73,H75,H78) -> 429000 | J80: =H80/$H$230 -> 0.096190519
D81: % of Budget | E81: =E79/E80 -> 0.73000475 | F81: 0.90426068 | G81: =G79/G80 -> 0.75425532 | H81: =H79/H80 -> 0.79733563
D82: $ Variance | E82: =E79-E80 -> -38069.33 | F82: -13977.94 | G82: =G79-G80 -> -34895.744 | H82: =H79-H80 -> -86943.014
D83: % Variance | E83: =E82/E79 -> -0.3698541 | F83: -0.10587579 | G83: =G82/G79 -> -0.325811 | H83: =H82/H79 -> -0.25417699
D84: .
A85: Michele | B85: C-Anchored | C85: ARCARE | D85: Actual | E85: 41692.9 | F85: 29818.24 | G85: 30581 | H85: =+SUM(E85:G85) -> 102092.14 | I85: =H85/H86 -> 1.1343571 | J85: 0
D86: Budget | E86: 30000 | F86: 30000 | G86: 30000 | H86: =SUM(E86:G86) -> 90000 | J86: =H86/$H$230 -> 0.020179829
A87: Michele | B87: C-Anchored | C87: Apiam Animal Health | D87: Actual | E87: 6716.5 | F87: 6746.5 | G87: 11468.5 | H87: =+SUM(E87:G87) -> 24931.5 | I87: =H87/H88 -> 0.58662353 | J87: 0
D88: Budget | E88: 15000 | F88: 18000 | G88: 9500 | H88: =SUM(E88:G88) -> 42500 | J88: =H88/$H$230 -> 0.0095293638
A89: Michele | B89: C-Anchored | C89: BAPCOR | D89: Actual | E89: 3357.5 | F89: 5467.25 | G89: 3234 | H89: =+SUM(E89:G89) -> 12058.75 | I89: =H89/H90 -> 0.34453571 | J89: 0
D90: Budget | E90: 10000 | F90: 15000 | G90: 10000 | H90: =SUM(E90:G90) -> 35000 | J90: =H90/$H$230 -> 0.0078477113
A91: Michele | B91: C-Anchored | C91: RESPECT | D91: Actual | E91: 156981.5 | F91: 52568.5 | G91: 30356 | H91: =+SUM(E91:G91) -> 239906 | I91: =H91/H92 -> 1.6545241 | J91: 0
D92: Budget | E92: 45000 | F92: 50000 | G92: 50000 | H92: =SUM(E92:G92) -> 145000 | J92: =H92/$H$230 -> 0.032511947
A93: Michele | B93: C-Anchored | C93: TLC | D93: Actual | E93: 7076.05 | F93: 10173.3 | G93: 15452.595 | H93: =+SUM(E93:G93) -> 32701.945 | I93: =H93/H94 -> 0.81754864 | J93: 0
D94: Budget | E94: 15000 | F94: 10000 | G94: 15000 | H94: =SUM(E94:G94) -> 40000 | J94: =H94/$H$230 -> 0.008968813
A95: Michele | B95: C-Anchored | C95: CVGT | D95: Actual | E95: 12043.1 | F95: 5213 | G95: 3717.3 | H95: =+SUM(E95:G95) -> 20973.4 | I95: =H95/H96 -> 0.58259444 | J95: 0
D96: Budget | E96: 15000 | F96: 10000 | G96: 11000 | H96: =SUM(E96:G96) -> 36000 | J96: =H96/$H$230 -> 0.0080719317
A97: Michele | B97: C-Anchored | C97: The Bureau of Meteorology | D97: Actual | E97: 709.2 | F97: 300 | G97: 446.5 | H97: =+SUM(E97:G97) -> 1455.7 | I97: =H97/H98 -> 0.11646532 | J97: 0
D98: Budget | E98: 4165 | F98: 4167 | G98: 4167 | H98: =SUM(E98:G98) -> 12499 | J98: =H98/$H$230 -> 0.0028025298
A99: Michele | B99: C-Anchored | C99: Mercy Community | D99: Actual | E99: 3537.95 | F99: 2530.55 | G99: 3229 | H99: =+SUM(E99:G99) -> 9297.5 | I99: =H99/H100 -> 0.88547619 | J99: 0
D100: Budget | E100: 3500 | F100: 3500 | G100: 3500 | H100: =SUM(E100:G100) -> 10500 | J100: =H100/$H$230 -> 0.0023543134
...

Sheet Working
A1: Customer Group | B1: Amount
A2: Row Labels | B2: Sum of SoldValue
A3: AFTERCARE/STRIDE | B3: 65
A4: Anytime Fitness | B4: 8953.36
A5: Apiam Animal Health | B5: 350
A6: ARCARE | B6: 17993
A7: Aus Nursing Home (NHF) | B7: 345
A8: AUSREO | B8: 2690.5
A9: AUSTRALIAN MILITARY BANK | B9: 1218
A10: Aveo Retirement Villages | B10: 3162.5
A11: BAPCOR | B11: 1091.5
A12: BENETAS | B12: 10247
A13: BIG RIVER GROUP | B13: 10202.5
A14: Canterbury League Club | B14: 1462
... A86: (blank) | B86: 17619.6
